2012,JOSHUA,SUFFOLK,M,56
2012,JASON,SUFFOLK,M,55
2012,THOMAS,SUFFOLK,M,55
2012,NOAH,SUFFOLK,M,54
2012,LUCAS,SUFFOLK,M,54
2012,ETHAN,SUFFOLK,M,53
2012,JACKSON,SUFFOLK,M,52
2012,BENJAMIN,SUFFOLK,M,50
2012,DAVID,SUFFOLK,M,48
2012,ASHTON,SUFFOLK,M,7
2012,RAYMOND,SUFFOLK,M,7
2012,ROBERT,SUFFOLK,M,47
2012,JAKE,SUFFOLK,M,46
2012,KEVIN,SUFFOLK,M,45
2012,GAVIN,SUFFOLK,M,43
2012,TYLER,SUFFOLK,M,41
2012,ZACHARY,SUFFOLK,M,39
2012,ASHER,SUFFOLK,M,7
2012,MARK,SUFFOLK,M,7
2012,JONAH,SUFFOLK,M,7
2012,LILIANA,SUFFOLK,F,14
2012,ARIEL,SUFFOLK,M,7
2012,CRISTOPHER,SUFFOLK,M,8
2012,CESAR,SUFFOLK,M,8
2012,SABRINA,SUFFOLK,F,14
2012,LIA,SUFFOLK,F,14
2012,SARAH,SUFFOLK,F,26
2012,CODY,SUFFOLK,M,8
2012,GRIFFIN,SUFFOLK,M,8
2012,JESUS,SUFFOLK,M,8
2012,MIGUEL,SUFFOLK,M,8
2012,BRAYDEN,SUFFOLK,M,39
2012,CONNOR,SUFFOLK,M,37
2012,GABRIEL,SUFFOLK,M,36
2012,STEVEN,SUFFOLK,M,36
2012,ANGEL,SUFFOLK,M,35
2012,ADAM,SUFFOLK,M,35
2012,VINCENT,SUFFOLK,M,35
2012,TIMOTHY,SUFFOLK,M,8
2012,ABRAHAM,SUFFOLK,M,8
2012,AVERY,SUFFOLK,M,8
2012,JENCARLOS,SUFFOLK,M,9
2012,CALEB,SUFFOLK,M,34
2012,CARMINE,SUFFOLK,M,9
2012,NELSON,SUFFOLK,M,9
2012,IKER,SUFFOLK,M,9
2012,RANDY,SUFFOLK,M,9
2012,SALVATORE,SUFFOLK,M,9
2012,DAMIEN,SUFFOLK,M,9
2012,SEBASTIAN,SUFFOLK,M,33
2012,DOMINIC,SUFFOLK,M,33
2012,LEAH,SUFFOLK,F,26
2012,ADDISON,SUFFOLK,F,27
2012,ARIANNA,SUFFOLK,F,29
2012,ANGELO,SUFFOLK,M,9
2012,CAYDEN,SUFFOLK,M,9
2012,ANDY,SUFFOLK,M,9
2012,EMMANUEL,SUFFOLK,M,9
2012,PEYTON,SUFFOLK,M,9
2012,KEITH,SUFFOLK,M,10
2012,ROCCO,SUFFOLK,M,10
2012,FINN,SUFFOLK,M,10
2012,LORENZO,SUFFOLK,M,10
2012,LUKAS,SUFFOLK,M,10
2012,HARRISON,SUFFOLK,M,10
2012,DEAN,SUFFOLK,M,10
2012,SAMUEL,SUFFOLK,M,31
2012,MADELINE,SUFFOLK,F,13
2012,LAUREN,SUFFOLK,F,13
2012,MAKAYLA,SUFFOLK,F,13
2012,ISABELLE,SUFFOLK,F,13
2012,PRESTON,SUFFOLK,M,10
2012,MAXIMUS,SUFFOLK,M,10
2012,GABRIELLE,SUFFOLK,F,13
2012,JAXSON,SUFFOLK,M,10
2012,NOLAN,SUFFOLK,M,10
2012,EDWARD,SUFFOLK,M,10
2012,JOSE,SUFFOLK,M,10
2012,KEIRA,SUFFOLK,F,13
2012,MIKAYLA,SUFFOLK,F,13
2012,PARKER,SUFFOLK,M,10
2012,AVERY,SUFFOLK,F,29
2012,JEREMIAH,SUFFOLK,M,31
2012,JORDAN,SUFFOLK,M,31
2012,BRIANA,SUFFOLK,F,13
2012,GISELLE,SUFFOLK,F,13
2012,NATHAN,SUFFOLK,M,30
2012,ELIJAH,SUFFOLK,M,29
2012,SANTINO,SUFFOLK,M,11
2012,MARIO,SUFFOLK,M,11
2012,JAMESON,SUFFOLK,M,11
2012,MATTEO,SUFFOLK,M,11
2012,AXEL,SUFFOLK,M,11
2012,JAIDEN,SUFFOLK,M,11
2012,MARCO,SUFFOLK,M,11
2012,DAMIAN,SUFFOLK,M,11
2012,KAIDEN,SUFFOLK,M,11
2012,GIAVANNA,SUFFOLK,F,13
2012,VICTOR,SUFFOLK,M,11
2012,ELIAS,SUFFOLK,M,11
2012,KAYDEN,SUFFOLK,M,11
2012,CHARLES,SUFFOLK,M,29
2012,SEAN,SUFFOLK,M,29
2012,GIOVANNI,SUFFOLK,M,29
2012,CAMERON,SUFFOLK,M,28
2012,EVELYN,SUFFOLK,F,12
2012,GREGORY,SUFFOLK,M,12
2012,SHANE,SUFFOLK,M,12
2012,OSCAR,SUFFOLK,M,12
2012,JUAN,SUFFOLK,M,12
2012,DEVIN,SUFFOLK,M,12
2012,ISAIAH,SUFFOLK,M,12
2012,RYDER,SUFFOLK,M,13
2012,BRADLEY,SUFFOLK,M,13
2012,KENNETH,SUFFOLK,M,13
2012,LEONARDO,SUFFOLK,M,13
2012,COLTON,SUFFOLK,M,13
2012,CARLOS,SUFFOLK,M,13
2012,BRYCE,SUFFOLK,M,13
2012,JOEL,SUFFOLK,M,13
2012,OLIVER,SUFFOLK,M,13
2012,NATHANIEL,SUFFOLK,M,13
2012,ELI,SUFFOLK,M,13
2012,TRAVIS,SUFFOLK,M,14
2012,JESSE,SUFFOLK,M,14
2012,ERICK,SUFFOLK,M,14
2012,STEPHEN,SUFFOLK,M,14
2012,JEFFREY,SUFFOLK,M,14
2012,GRAYSON,SUFFOLK,M,14
2012,MATEO,SUFFOLK,M,14
2012,PAUL,SUFFOLK,M,14
2012,GEORGE,SUFFOLK,M,14
2012,RILEY,SUFFOLK,M,14
2012,NICO,SUFFOLK,M,15
2012,GIANNI,SUFFOLK,M,15
2012,JOSUE,SUFFOLK,M,15
2012,CRISTIAN,SUFFOLK,M,15
2012,JULIAN,SUFFOLK,M,28
2012,ADRIAN,SUFFOLK,M,28
2012,AYDEN,SUFFOLK,M,28
2012,EVAN,SUFFOLK,M,27
2012,COLE,SUFFOLK,M,27
2012,OWEN,SUFFOLK,M,26
2012,CHASE,SUFFOLK,M,26
2012,AUSTIN,SUFFOLK,M,26
2012,LANDON,SUFFOLK,M,26
2012,PEYTON,SUFFOLK,F,12
2012,SCARLETT,SUFFOLK,F,12
2012,EDWIN,SUFFOLK,M,15
2012,JAXON,SUFFOLK,M,15
2012,WYATT,SUFFOLK,M,15
2012,ERIC,SUFFOLK,M,15
2012,DIEGO,SUFFOLK,M,16
2012,NICOLAS,SUFFOLK,M,16
2012,JACE,SUFFOLK,M,16
2012,JADEN,SUFFOLK,M,16
2012,DEREK,SUFFOLK,M,16
2012,RICHARD,SUFFOLK,M,16
2012,ALEX,SUFFOLK,M,26
2012,DECLAN,SUFFOLK,M,25
2012,AARON,SUFFOLK,M,24
2012,BRIAN,SUFFOLK,M,24
2012,BRODY,SUFFOLK,M,24
2012,KATHERINE,SUFFOLK,F,36
2012,ALLISON,SUFFOLK,F,37
2012,FRANK,SUFFOLK,M,17
2012,HUNTER,SUFFOLK,M,23
2012,JEREMY,SUFFOLK,M,23
2012,TRISTAN,SUFFOLK,M,23
2012,AIDAN,SUFFOLK,M,23
2012,ANDERSON,SUFFOLK,M,22
2012,BRENDAN,SUFFOLK,M,22
2012,IAN,SUFFOLK,M,21
2012,XAVIER,SUFFOLK,M,21
2012,ISAAC,SUFFOLK,M,19
2012,COOPER,SUFFOLK,M,17
2012,MAXWELL,SUFFOLK,M,17
2012,LUIS,SUFFOLK,M,17
2012,JOSIAH,SUFFOLK,M,17
2012,HENRY,SUFFOLK,M,17
2012,LAYLA,SUFFOLK,F,30
2012,DOMINICK,SUFFOLK,M,18
2012,ANTONIO,SUFFOLK,M,18
2012,PETER,SUFFOLK,M,18
2012,PATRICK,SUFFOLK,M,18
2012,CARTER,SUFFOLK,M,18
2012,BRADY,SUFFOLK,M,19
2012,LUCA,SUFFOLK,M,19
2012,COLIN,SUFFOLK,M,19
2012,BRYAN,SUFFOLK,M,19
2012,LEO,SUFFOLK,M,19
2012,KYLE,SUFFOLK,M,19
2012,MAX,SUFFOLK,M,19
2012,BLAKE,SUFFOLK,M,19
2012,ELIZABETH,SUFFOLK,F,32
2012,NATALIE,SUFFOLK,F,33
2012,JULIA,SUFFOLK,F,37
2012,KHLOE,SUFFOLK,F,12
2012,AUDREY,SUFFOLK,F,12
2012,JADE,SUFFOLK,F,12
2012,LAILA,SUFFOLK,F,12
2012,LUCY,SUFFOLK,F,12
2012,DIANA,SUFFOLK,F,12
2012,AMBER,SUFFOLK,F,12
2012,KELLY,SUFFOLK,F,12
2012,ALEXIS,SUFFOLK,F,11
2012,HARPER,SUFFOLK,F,11
2012,REBECCA,SUFFOLK,F,11
2012,VANESSA,SUFFOLK,F,11
2012,PENELOPE,SUFFOLK,F,11
2012,MILA,SUFFOLK,F,11
2012,ELENA,SUFFOLK,F,11
2012,VALERIE,SUFFOLK,F,11
2012,SIENNA,SUFFOLK,F,11
2012,LEILA,SUFFOLK,F,11
2012,PAYTON,SUFFOLK,F,11
2012,JULIET,SUFFOLK,F,11
2012,ALEXA,SUFFOLK,F,37
2012,RILEY,SUFFOLK,F,37
2012,HAILEY,SUFFOLK,F,37
2012,ANGELINA,SUFFOLK,F,38
2012,CHLOE,SUFFOLK,F,38
2012,KATELYN,SUFFOLK,F,11
2012,LYLA,SUFFOLK,F,11
2012,BRYNN,SUFFOLK,F,11
2012,DELILAH,SUFFOLK,F,11
2012,DAYANA,SUFFOLK,F,11
2012,MICHELLE,SUFFOLK,F,10
2012,MYA,SUFFOLK,F,10
2012,AUTUMN,SUFFOLK,F,10
2012,JOCELYN,SUFFOLK,F,10
2012,KENDALL,SUFFOLK,F,10
2012,LILA,SUFFOLK,F,10
2012,JORDYN,SUFFOLK,F,10
2012,JULIETTE,SUFFOLK,F,10
2012,REESE,SUFFOLK,F,10
2012,ALISON,SUFFOLK,F,10
2012,KIARA,SUFFOLK,F,10
2012,KAYLEIGH,SUFFOLK,F,10
2012,ANNABELLA,SUFFOLK,F,10
2012,KAYLA,SUFFOLK,F,39
2012,GRACE,SUFFOLK,F,41
2012,KAYLEE,SUFFOLK,F,42
2012,ELLA,SUFFOLK,F,44
2012,LILY,SUFFOLK,F,46
2012,VICTORIA,SUFFOLK,F,46
2012,CHARLOTTE,SUFFOLK,F,51
2012,SOFIA,SUFFOLK,F,52
2012,GIANA,SUFFOLK,F,10
2012,RACHEL,SUFFOLK,F,9
2012,ASHLEY,SUFFOLK,F,53
2012,SARA,SUFFOLK,F,9
2012,NAOMI,SUFFOLK,F,9
2012,GIA,SUFFOLK,F,9
2012,MARIAH,SUFFOLK,F,9
2012,MELISSA,SUFFOLK,F,9
2012,CHRISTINA,SUFFOLK,F,9
2012,REAGAN,SUFFOLK,F,9
2012,ERIN,SUFFOLK,F,9
2012,KIMBERLY,SUFFOLK,F,22
2012,ZOE,SUFFOLK,F,21
2012,BRIELLE,SUFFOLK,F,21
2012,ADRIANNA,SUFFOLK,F,21
2012,HANNAH,SUFFOLK,F,20
2012,NICOLE,SUFFOLK,F,20
2012,NATALIA,SUFFOLK,F,20
2012,EMELY,SUFFOLK,F,20
2012,SAVANNAH,SUFFOLK,F,19
2012,JILLIAN,SUFFOLK,F,9
2012,HANNA,SUFFOLK,F,9
2012,ALAINA,SUFFOLK,F,9
2012,DANNA,SUFFOLK,F,9
2012,MARISSA,SUFFOLK,F,9
2012,LILLIAN,SUFFOLK,F,8
2012,NEVAEH,SUFFOLK,F,8
2012,FIONA,SUFFOLK,F,8
2012,JENNIFER,SUFFOLK,F,8
2012,GENESIS,SUFFOLK,F,54
2012,BRIANNA,SUFFOLK,F,58
2012,EMILY,SUFFOLK,F,61
2012,SAMANTHA,SUFFOLK,F,62
2012,GABRIELLA,SUFFOLK,F,64
2012,ABIGAIL,SUFFOLK,F,69
2012,MADISON,SUFFOLK,F,69
2012,GIANNA,SUFFOLK,F,70
2012,AVA,SUFFOLK,F,96
2012,OLIVIA,SUFFOLK,F,97
2012,MIA,SUFFOLK,F,98
2012,EMMA,SUFFOLK,F,108
2012,ISABELLA,SUFFOLK,F,117
2012,SOPHIA,SUFFOLK,F,118
2012,JULIANA,SUFFOLK,F,19
2012,KYLIE,SUFFOLK,F,18
2012,MOLLY,SUFFOLK,F,18
2012,KAITLYN,SUFFOLK,F,18
2012,SYDNEY,SUFFOLK,F,18
2012,STEPHANIE,SUFFOLK,F,18
2012,DANIELLA,SUFFOLK,F,18
2012,ANNA,SUFFOLK,F,17
2012,JULIANNA,SUFFOLK,F,34
2012,ARIANA,SUFFOLK,F,34
2012,AMELIA,SUFFOLK,F,34
2012,VIVIAN,SUFFOLK,F,8
2012,CATHERINE,SUFFOLK,F,8
2012,NORA,SUFFOLK,F,8
2012,SADIE,SUFFOLK,F,8
2012,LILLY,SUFFOLK,F,8
2012,JOSEPHINE,SUFFOLK,F,8
2012,MARY,SUFFOLK,F,8
2012,LUCIA,SUFFOLK,F,8
2012,MEGAN,SUFFOLK,F,8
2012,SELENA,SUFFOLK,F,8
2012,JAMIE,SUFFOLK,F,8
2012,AALIYAH,SUFFOLK,F,17
2012,MADELYN,SUFFOLK,F,17
2012,FRANCESCA,SUFFOLK,F,8
2012,ALESSANDRA,SUFFOLK,F,8
2012,ASHLYN,SUFFOLK,F,8
2012,ANGELICA,SUFFOLK,F,8
2012,ANGIE,SUFFOLK,F,8
2012,ELISA,SUFFOLK,F,8
2012,DELANEY,SUFFOLK,F,8
2012,JORDAN,SUFFOLK,F,7
2012,CAMERON,SUFFOLK,F,7
2012,CLAIRE,SUFFOLK,F,7
2012,SERENITY,SUFFOLK,F,7
2012,ALICE,SUFFOLK,F,7
2012,AMAYA,SUFFOLK,F,7
2012,RUBY,SUFFOLK,F,7
2012,AMY,SUFFOLK,F,17
2012,HALEY,SUFFOLK,F,7
2012,IZABELLA,SUFFOLK,F,7
2012,ALIYAH,SUFFOLK,F,7
2012,MADELEINE,SUFFOLK,F,7
2012,RYLEE,SUFFOLK,F,7
2012,BIANCA,SUFFOLK,F,7
2012,ELIZA,SUFFOLK,F,7
2012,ANA,SUFFOLK,F,7
2012,KAREN,SUFFOLK,F,7
2012,LIANA,SUFFOLK,F,7
2012,CASEY,SUFFOLK,F,7
2012,CASSIDY,SUFFOLK,F,7
2012,MAEVE,SUFFOLK,F,7
2012,LOLA,SUFFOLK,F,7
2012,LESLIE,SUFFOLK,F,7
2012,VALENTINA,SUFFOLK,F,24
2012,GABRIELA,SUFFOLK,F,17
2012,BELLA,SUFFOLK,F,16
2012,MORGAN,SUFFOLK,F,16
2012,TAYLOR,SUFFOLK,F,23
2012,ALYSSA,SUFFOLK,F,23
2012,GIULIANA,SUFFOLK,F,23
2012,MAYA,SUFFOLK,F,22
2012,SAVANNA,SUFFOLK,F,7
2012,CAITLIN,SUFFOLK,F,7
2012,TATIANA,SUFFOLK,F,7
2012,CALLIE,SUFFOLK,F,7
2012,LILIANNA,SUFFOLK,F,7
2012,MIKAELA,SUFFOLK,F,7
2012,BLAKE,SUFFOLK,F,6
2012,ELIANA,SUFFOLK,F,6
2012,QUINN,SUFFOLK,F,6
2012,CHELSEA,SUFFOLK,F,6
2012,CAROLINE,SUFFOLK,F,6
2012,ALANA,SUFFOLK,F,6
2012,EMILIA,SUFFOLK,F,6
2012,ANDREA,SUFFOLK,F,6
2012,NINA,SUFFOLK,F,6
2012,SKYLER,SUFFOLK,F,6
2012,BROOKLYN,SUFFOLK,F,6
2012,ALINA,SUFFOLK,F,6
2012,AMANDA,SUFFOLK,F,16
2012,KATE,SUFFOLK,F,16
2012,STELLA,SUFFOLK,F,15
2012,EVA,SUFFOLK,F,15
2012,SOPHIE,SUFFOLK,F,22
2012,JENNA,SUFFOLK,F,6
2012,EMERSON,SUFFOLK,F,6
2012,MACKENZIE,SUFFOLK,F,22
2012,EVANGELINE,SUFFOLK,F,6
2012,NOELLE,SUFFOLK,F,6
2012,GENEVIEVE,SUFFOLK,F,6
2012,VALERIA,SUFFOLK,F,6
2012,CAMRYN,SUFFOLK,F,6
2012,HOPE,SUFFOLK,F,6
2012,SARAI,SUFFOLK,F,6
2012,ALEXIA,SUFFOLK,F,6
2012,NATASHA,SUFFOLK,F,6
2012,ANAYA,SUFFOLK,F,6
2012,MELANY,SUFFOLK,F,6
2012,JULIE,SUFFOLK,F,6
2012,MAKENZIE,SUFFOLK,F,6
2012,FAITH,SUFFOLK,F,15
2012,JASMINE,SUFFOLK,F,15
2012,DANIELA,SUFFOLK,F,15
2012,KATIE,SUFFOLK,F,15
2012,VIOLET,SUFFOLK,F,14
2012,MARIA,SUFFOLK,F,14
2012,ARIA,SUFFOLK,F,14
2012,JESSICA,SUFFOLK,F,14
2012,MILANIA,SUFFOLK,F,6
2012,CADENCE,SUFFOLK,F,6
2012,GIOVANNA,SUFFOLK,F,6
2012,SIENA,SUFFOLK,F,6
2012,HOLLY,SUFFOLK,F,6
2012,KRISTINA,SUFFOLK,F,6
2012,ARIEL,SUFFOLK,F,5
2012,AUBREE,SUFFOLK,F,5
2012,KENNEDY,SUFFOLK,F,5
2012,ANNABELLE,SUFFOLK,F,5
2012,CECILIA,SUFFOLK,F,5
2012,AURORA,SUFFOLK,F,5
2012,MELODY,SUFFOLK,F,5
2012,PIPER,SUFFOLK,F,5
2012,MCKENZIE,SUFFOLK,F,5
2012,TRINITY,SUFFOLK,F,5
2012,NYLA,SUFFOLK,F,5
2012,ARIELLA,SUFFOLK,F,5
2012,PARIS,SUFFOLK,F,5
2012,LUNA,SUFFOLK,F,5
2012,TALIA,SUFFOLK,F,5
2012,LILLIANA,SUFFOLK,F,5
2012,DANIELLE,SUFFOLK,F,5
2012,ANASTASIA,SUFFOLK,F,5
2012,JOANNA,SUFFOLK,F,5
2012,KELSEY,SUFFOLK,F,5
2012,TEAGAN,SUFFOLK,F,5
2012,NIA,SUFFOLK,F,5
2012,MIRANDA,SUFFOLK,F,5
2012,RYLEIGH,SUFFOLK,F,5
2012,LEA,SUFFOLK,F,5
2012,NADIA,SUFFOLK,F,5
2012,YARETZI,SUFFOLK,F,5
2012,SERENA,SUFFOLK,F,5
2012,ARYA,SUFFOLK,F,5
2012,CAITLYN,SUFFOLK,F,5
2012,BRIELLA,SUFFOLK,F,5
2012,ISLA,SUFFOLK,F,5
2012,MAGGIE,SUFFOLK,F,5
2012,GRACIE,SUFFOLK,F,5
2012,TIANA,SUFFOLK,F,5
2012,CIARA,SUFFOLK,F,5
2012,ANNABEL,SUFFOLK,F,5
2012,BRIDGET,SUFFOLK,F,5
2012,AMANI,SUFFOLK,F,5
2012,LIVIA,SUFFOLK,F,5
2012,RAEGAN,SUFFOLK,F,5
2012,NATHALIE,SUFFOLK,F,5
2012,AYLIN,SUFFOLK,F,5
2012,LILIAN,SUFFOLK,F,5
2012,MALIYAH,SUFFOLK,F,5
2012,SHANNON,SUFFOLK,F,5
2012,KATHLEEN,SUFFOLK,F,5
2012,NICOLETTE,SUFFOLK,F,5
2012,BRITNEY,SUFFOLK,F,5
2012,DEANNA,SUFFOLK,F,5
2012,ANABELLA,SUFFOLK,F,5
2012,CHARLIZE,SUFFOLK,F,5
2012,KRYSTAL,SUFFOLK,F,5
2012,LIANNA,SUFFOLK,F,5
2012,JIANNA,SUFFOLK,F,5
2012,MICHAEL,SUFFOLK,M,159
2012,ANTHONY,SUFFOLK,M,154
2012,JOSEPH,SUFFOLK,M,136
2012,MATTHEW,SUFFOLK,M,127
2012,CHRISTOPHER,SUFFOLK,M,108
2012,JACOB,SUFFOLK,M,105
2012,JUNIOR,SUFFOLK,M,5
2012,NEYMAR,SUFFOLK,M,5
2012,SERGIO,SUFFOLK,M,5
2012,DOUGLAS,SUFFOLK,M,5
2012,MARLON,SUFFOLK,M,5
2012,CONOR,SUFFOLK,M,5
2012,PABLO,SUFFOLK,M,5
2012,KELLAN,SUFFOLK,M,5
2012,NIKOLAS,SUFFOLK,M,5
2012,MEKHI,SUFFOLK,M,5
2012,JASIAH,SUFFOLK,M,5
2012,JAYDEN,SUFFOLK,M,105
2012,NICHOLAS,SUFFOLK,M,104
2012,LIAM,SUFFOLK,M,97
2012,RYAN,SUFFOLK,M,94
2012,DYLAN,SUFFOLK,M,92
2012,JAMES,SUFFOLK,M,91
2012,ANDREW,SUFFOLK,M,80
2012,CHRISTIAN,SUFFOLK,M,80
2012,MELANIE,SUFFOLK,F,24
2012,ADRIANA,SUFFOLK,F,24
2012,ZOEY,SUFFOLK,F,24
2012,JEFFERSON,SUFFOLK,M,5
2012,KIERAN,SUFFOLK,M,5
2012,DONOVAN,SUFFOLK,M,5
2012,EMMETT,SUFFOLK,M,5
2012,COLLIN,SUFFOLK,M,5
2012,ANDRE,SUFFOLK,M,5
2012,MADDOX,SUFFOLK,M,5
2012,EMERSON,SUFFOLK,M,5
2012,MASON,SUFFOLK,M,79
2012,WILLIAM,SUFFOLK,M,78
2012,JUSTIN,SUFFOLK,M,77
2012,ALEXANDRA,SUFFOLK,F,24
2012,ALBERT,SUFFOLK,M,5
2012,EMANUEL,SUFFOLK,M,5
2012,ALAN,SUFFOLK,M,5
2012,OMAR,SUFFOLK,M,5
2012,HUDSON,SUFFOLK,M,5
2012,THEODORE,SUFFOLK,M,5
2012,QUINN,SUFFOLK,M,5
2012,IVAN,SUFFOLK,M,5
2012,LEVI,SUFFOLK,M,5
2012,ALEXIS,SUFFOLK,M,5
2012,KRISTOPHER,SUFFOLK,M,6
2012,TY,SUFFOLK,M,6
2012,ENZO,SUFFOLK,M,6
2012,FRANCIS,SUFFOLK,M,6
2012,DARWIN,SUFFOLK,M,6
2012,RONAN,SUFFOLK,M,6
2012,DANIEL,SUFFOLK,M,74
2012,JOHN,SUFFOLK,M,72
2012,LOGAN,SUFFOLK,M,71
2012,ALEXANDER,SUFFOLK,M,70
2012,AIDEN,SUFFOLK,M,70
2012,BRANDON,SUFFOLK,M,64
2012,JACK,SUFFOLK,M,60
2012,PAIGE,SUFFOLK,F,25
2012,BROOKE,SUFFOLK,F,25
2012,LUKE,SUFFOLK,M,60
2012,JONATHAN,SUFFOLK,M,58
2012,SKYLAR,SUFFOLK,F,25
2012,CAMILA,SUFFOLK,F,25
2012,AUBREY,SUFFOLK,F,26
2012,FRANKLIN,SUFFOLK,M,6
2012,BRADEN,SUFFOLK,M,6
2012,BENNETT,SUFFOLK,M,6
2012,DENNIS,SUFFOLK,M,6
2012,SCOTT,SUFFOLK,M,6
2012,JOHAN,SUFFOLK,M,6
2012,GRAHAM,SUFFOLK,M,6
2012,AYAAN,SUFFOLK,M,6
2012,ARTHUR,SUFFOLK,M,6
2012,JOHNNY,SUFFOLK,M,6
2012,JAYSON,SUFFOLK,M,6
2012,CASEY,SUFFOLK,M,6
2012,TROY,SUFFOLK,M,6
2012,JAVIER,SUFFOLK,M,6
2012,BRYSON,SUFFOLK,M,6
2012,GRANT,SUFFOLK,M,6
2012,JAYCE,SUFFOLK,M,6
2012,LOUIS,SUFFOLK,M,6
2012,MUHAMMAD,SUFFOLK,M,6
2012,MARCUS,SUFFOLK,M,6
2012,JAX,SUFFOLK,M,7
2012,EDUARDO,SUFFOLK,M,7
2012,ERIK,SUFFOLK,M,7
2012,DANTE,SUFFOLK,M,7
2012,JUDE,SUFFOLK,M,7
2012,CADEN,SUFFOLK,M,7
2012,SHAWN,SUFFOLK,M,7
2012,ALEJANDRO,SUFFOLK,M,7
2012,KAI,SUFFOLK,M,7
2012,KALEB,SUFFOLK,M,7
2011,CHASE,SUFFOLK,M,43
2011,LONDON,SUFFOLK,F,8
2011,LOLA,SUFFOLK,F,5
2011,GABRIEL,SUFFOLK,M,42
2011,XAVIER,SUFFOLK,M,21
2011,ZACHARY,SUFFOLK,M,35
2011,HAYDEN,SUFFOLK,F,6
2011,MELANIE,SUFFOLK,F,14
2011,HUNTER,SUFFOLK,M,25
2011,ANDY,SUFFOLK,M,13
2011,ANGELINA,SUFFOLK,F,43
2011,JOSEPHINE,SUFFOLK,F,7
2011,RANDY,SUFFOLK,M,7
2011,IAN,SUFFOLK,M,11
2011,ALBERT,SUFFOLK,M,7
2011,IBRAHIM,SUFFOLK,M,6
2011,KAI,SUFFOLK,M,7
2011,LOGAN,SUFFOLK,M,82
2011,JOSEPH,SUFFOLK,M,147
2011,ANGELO,SUFFOLK,M,12
2011,ISAAC,SUFFOLK,M,10
2011,BROOKE,SUFFOLK,F,26
2011,EMANUEL,SUFFOLK,M,11
2011,ISABEL,SUFFOLK,F,8
2011,ASHER,SUFFOLK,M,6
2011,CHELSEA,SUFFOLK,F,7
2011,GABRIELA,SUFFOLK,F,18
2011,AYLIN,SUFFOLK,F,6
2011,KENNEDY,SUFFOLK,F,5
2011,ANGELICA,SUFFOLK,F,5
2011,EMELY,SUFFOLK,F,12
2011,ANGIE,SUFFOLK,F,11
2011,EMERSON,SUFFOLK,M,5
2011,EMERSON,SUFFOLK,F,6
2011,AIDAN,SUFFOLK,M,32
2011,AYDEN,SUFFOLK,M,14
2011,MILA,SUFFOLK,F,9
2011,ADDISON,SUFFOLK,F,28
2011,HAZEL,SUFFOLK,F,5
2011,ADRIANA,SUFFOLK,F,25
2011,JOSELYN,SUFFOLK,F,5
2011,NAYELI,SUFFOLK,F,5
2011,MIKAYLA,SUFFOLK,F,18
2011,RAYMOND,SUFFOLK,M,6
2011,REAGAN,SUFFOLK,F,13
2011,ISABELLA,SUFFOLK,F,126
2011,CHLOE,SUFFOLK,F,28
2011,JOSE,SUFFOLK,M,11
2011,ISABELLE,SUFFOLK,F,7
2011,ANGELA,SUFFOLK,F,11
2011,MIKAELA,SUFFOLK,F,6
2011,CHRIS,SUFFOLK,M,8
2011,JULIAN,SUFFOLK,M,18
2011,ADELAIDE,SUFFOLK,F,5
2011,KENDALL,SUFFOLK,F,13
2011,ISAIAH,SUFFOLK,M,12
2011,ALEXANDRA,SUFFOLK,F,29
2011,KADEN,SUFFOLK,M,9
2011,AUDREY,SUFFOLK,F,8
2011,CADEN,SUFFOLK,M,10
2011,MEGHAN,SUFFOLK,F,6
2011,KELSEY,SUFFOLK,F,5
2011,MYA,SUFFOLK,F,8
2011,LINDSEY,SUFFOLK,F,9
2011,LINDSAY,SUFFOLK,F,8
2011,JORGE,SUFFOLK,M,9
2011,IVAN,SUFFOLK,M,5
2011,MIGUEL,SUFFOLK,M,6
2011,REBECCA,SUFFOLK,F,13
2011,KELLY,SUFFOLK,F,15
2011,IZABELLA,SUFFOLK,F,6
2011,JACE,SUFFOLK,M,13
2011,CHRISTIAN,SUFFOLK,M,76
2011,GABRIELLA,SUFFOLK,F,68
2011,ADRIANNA,SUFFOLK,F,26
2011,JORDYN,SUFFOLK,F,5
2011,JORDAN,SUFFOLK,F,7
2011,JORDAN,SUFFOLK,M,38
2011,LINCOLN,SUFFOLK,M,5
2011,BRIANNA,SUFFOLK,F,61
2011,CHRISTINA,SUFFOLK,F,9
2011,JACK,SUFFOLK,M,91
2011,MICHELLE,SUFFOLK,F,20
2011,REESE,SUFFOLK,F,5
2011,REINA,SUFFOLK,F,5
2011,ANNA,SUFFOLK,F,25
2011,ALEXIA,SUFFOLK,F,5
2011,EMILY,SUFFOLK,F,88
2011,JONATHAN,SUFFOLK,M,49
2011,ASHTON,SUFFOLK,M,10
2011,NELSON,SUFFOLK,M,7
2011,JACKSON,SUFFOLK,M,37
2011,ALEENA,SUFFOLK,F,6
2011,CAITLIN,SUFFOLK,F,9
2011,JUSTIN,SUFFOLK,M,96
2011,ANNABEL,SUFFOLK,F,6
2011,PAUL,SUFFOLK,M,17
2011,ANNABELLA,SUFFOLK,F,5
2011,MEGAN,SUFFOLK,F,10
2011,ANNABELLE,SUFFOLK,F,7
2011,CHRISTOPHER,SUFFOLK,M,124
2011,LILY,SUFFOLK,F,50
2011,ALEXA,SUFFOLK,F,36
2011,JACOB,SUFFOLK,M,81
2011,AMELIA,SUFFOLK,F,26
2011,ANNIE,SUFFOLK,F,5
2011,GABRIELLE,SUFFOLK,F,10
2011,JONAH,SUFFOLK,M,6
2011,JACQUELINE,SUFFOLK,F,9
2011,KEITH,SUFFOLK,M,6
2011,ARIEL,SUFFOLK,M,9
2011,AIDEN,SUFFOLK,M,63
2011,AUTUMN,SUFFOLK,F,9
2011,KEIRA,SUFFOLK,F,17
2011,JADA,SUFFOLK,F,13
2011,CLAIRE,SUFFOLK,F,14
2011,JOHNATHAN,SUFFOLK,M,8
2011,JADE,SUFFOLK,F,7
2011,LILLY,SUFFOLK,F,7
2011,KAYLEIGH,SUFFOLK,F,12
2011,JADEN,SUFFOLK,M,9
2011,JOHN,SUFFOLK,M,94
2011,GRACE,SUFFOLK,F,55
2011,PAYTON,SUFFOLK,F,9
2011,JAELYNN,SUFFOLK,F,5
2011,LILLIAN,SUFFOLK,F,13
2011,JAIDEN,SUFFOLK,M,13
2011,RICHARD,SUFFOLK,M,15
2011,OLIVIA,SUFFOLK,F,93
2011,COLE,SUFFOLK,M,27
2011,JAKE,SUFFOLK,M,59
2011,EMMA,SUFFOLK,F,94
2011,COLIN,SUFFOLK,M,21
2011,LILIANNA,SUFFOLK,F,8
2011,LILIANA,SUFFOLK,F,13
2011,COLLIN,SUFFOLK,M,10
2011,JOHANNA,SUFFOLK,F,5
2011,JOEL,SUFFOLK,M,24
2011,ARIANNA,SUFFOLK,F,41
2011,LILAH,SUFFOLK,F,6
2011,ASHLEY,SUFFOLK,F,43
2011,JAMES,SUFFOLK,M,108
2011,JAMESON,SUFFOLK,M,12
2011,KAYLEE,SUFFOLK,F,30
2011,BRYCE,SUFFOLK,M,11
2011,ADRIAN,SUFFOLK,M,19
2011,JAMIE,SUFFOLK,F,5
2011,EMMANUEL,SUFFOLK,M,13
2011,EMMETT,SUFFOLK,M,9
2011,ENRIQUE,SUFFOLK,M,8
2011,JANELLE,SUFFOLK,F,6
2011,MAYA,SUFFOLK,F,25
2011,JOCELYN,SUFFOLK,F,13
2011,JARED,SUFFOLK,M,9
2011,LILA,SUFFOLK,F,7
2011,JASMIN,SUFFOLK,F,5
2011,AXEL,SUFFOLK,M,17
2011,LIANA,SUFFOLK,F,5
2011,JIMMY,SUFFOLK,M,5
2011,JASMINE,SUFFOLK,F,13
2011,HENRY,SUFFOLK,M,22
2011,ANTHONY,SUFFOLK,M,154
2011,CONNOR,SUFFOLK,M,37
2011,JILLIAN,SUFFOLK,F,18
2011,BRANDON,SUFFOLK,M,48
2011,JASON,SUFFOLK,M,47
2011,CONOR,SUFFOLK,M,6
2011,GRANT,SUFFOLK,M,6
2011,ALEXIS,SUFFOLK,F,33
2011,JESSICA,SUFFOLK,F,14
2011,JAVIER,SUFFOLK,M,7
2011,JAXSON,SUFFOLK,M,10
2011,GRAYSON,SUFFOLK,M,7
2011,JAYDA,SUFFOLK,F,5
2011,COOPER,SUFFOLK,M,15
2011,LIAM,SUFFOLK,M,64
2011,MUHAMMAD,SUFFOLK,M,7
2011,ANTONIO,SUFFOLK,M,18
2011,ERIC,SUFFOLK,M,21
2011,JESSE,SUFFOLK,M,15
2011,BRENDA,SUFFOLK,F,6
2011,JAYDEN,SUFFOLK,M,99
2011,CRISTIAN,SUFFOLK,M,14
2011,ANYA,SUFFOLK,F,6
2011,APRIL,SUFFOLK,F,5
2011,ARABELLA,SUFFOLK,F,5
2011,RILEY,SUFFOLK,M,12
2011,RILEY,SUFFOLK,F,37
2011,JAYLA,SUFFOLK,F,12
2011,CRISTOPHER,SUFFOLK,M,5
2011,JEREMY,SUFFOLK,M,24
2011,ARIANA,SUFFOLK,F,30
2011,JAYLEN,SUFFOLK,M,5
2011,ERICA,SUFFOLK,F,5
2011,JAYLIN,SUFFOLK,F,8
2011,AMIR,SUFFOLK,M,5
2011,JULISSA,SUFFOLK,F,9
2011,JULIA,SUFFOLK,F,40
2011,JAYSON,SUFFOLK,M,14
2011,ARIA,SUFFOLK,F,5
2011,JAZMIN,SUFFOLK,F,6
2011,JEREMIAH,SUFFOLK,M,25
2011,ALICE,SUFFOLK,F,5
2011,JEFFERSON,SUFFOLK,M,7
2011,ERICK,SUFFOLK,M,14
2011,BRIAN,SUFFOLK,M,29
2011,JEFFREY,SUFFOLK,M,22
2011,ERIK,SUFFOLK,M,11
2011,DAMIEN,SUFFOLK,M,6
2011,KAYLA,SUFFOLK,F,44
2011,ERIKA,SUFFOLK,F,5
2011,GAVIN,SUFFOLK,M,59
2011,JENNA,SUFFOLK,F,15
2011,AUSTIN,SUFFOLK,M,21
2011,JENNIFER,SUFFOLK,F,18
2011,ERIN,SUFFOLK,F,9
2011,ALICIA,SUFFOLK,F,9
2011,CALEB,SUFFOLK,M,19
2011,MAXWELL,SUFFOLK,M,11
2011,LIA,SUFFOLK,F,11
2011,MICHAELA,SUFFOLK,F,5
2011,AVIANNA,SUFFOLK,F,5
2011,NEVAEH,SUFFOLK,F,18
2011,ROBERT,SUFFOLK,M,54
2011,LEXI,SUFFOLK,F,6
2011,CALLIE,SUFFOLK,F,9
2011,ROCCO,SUFFOLK,M,6
2011,ROMAN,SUFFOLK,M,5
2011,OSCAR,SUFFOLK,M,11
2011,MAX,SUFFOLK,M,14
2011,RONALD,SUFFOLK,M,6
2011,DANIEL,SUFFOLK,M,76
2011,RUBY,SUFFOLK,F,7
2011,AVERY,SUFFOLK,M,5
2011,GREYSON,SUFFOLK,M,6
2011,GEMMA,SUFFOLK,F,8
2011,DANIELA,SUFFOLK,F,25
2011,HANNAH,SUFFOLK,F,17
2011,LESLIE,SUFFOLK,F,6
2011,DANIELLA,SUFFOLK,F,18
2011,JULIETTE,SUFFOLK,F,8
2011,GRIFFIN,SUFFOLK,M,5
2011,ADAM,SUFFOLK,M,20
2011,MATTHEW,SUFFOLK,M,118
2011,AVERY,SUFFOLK,F,27
2011,DANIELLE,SUFFOLK,F,9
2011,DANNA,SUFFOLK,F,6
2011,GENESIS,SUFFOLK,F,37
2011,RYAN,SUFFOLK,M,123
2011,ALEX,SUFFOLK,M,22
2011,RYDER,SUFFOLK,M,11
2011,RYLEE,SUFFOLK,F,5
2011,RYLEIGH,SUFFOLK,F,8
2011,DANNY,SUFFOLK,M,6
2011,AMY,SUFFOLK,F,12
2011,LEONARDO,SUFFOLK,M,11
2011,DANTE,SUFFOLK,M,7
2011,SABRINA,SUFFOLK,F,11
2011,ALISON,SUFFOLK,F,9
2011,HARMONY,SUFFOLK,F,5
2011,GWENDOLYN,SUFFOLK,F,5
2011,MATTEO,SUFFOLK,M,8
2011,JULIET,SUFFOLK,F,11
2011,SADIE,SUFFOLK,F,11
2011,ASHLYN,SUFFOLK,F,6
2011,MELISSA,SUFFOLK,F,16
2011,KAYDEN,SUFFOLK,M,8
2011,SALVATORE,SUFFOLK,M,12
2011,KATIE,SUFFOLK,F,6
2011,KATHRYN,SUFFOLK,F,5
2011,CAMERON,SUFFOLK,F,7
2011,CAMERON,SUFFOLK,M,38
2011,MATEO,SUFFOLK,M,10
2011,BRADY,SUFFOLK,M,16
2011,LEO,SUFFOLK,M,10
2011,SAMANTHA,SUFFOLK,F,65
2011,BRIELLE,SUFFOLK,F,14
2011,BRYAN,SUFFOLK,M,27
2011,DAVID,SUFFOLK,M,46
2011,BRITTANY,SUFFOLK,F,6
2011,SAMUEL,SUFFOLK,M,23
2011,CAMILA,SUFFOLK,F,19
2011,MORGAN,SUFFOLK,F,21
2011,GEORGE,SUFFOLK,M,14
2011,MASON,SUFFOLK,M,84
2011,BRYNN,SUFFOLK,F,6
2011,LEILA,SUFFOLK,F,6
2011,DEAN,SUFFOLK,M,11
2011,SARA,SUFFOLK,F,12
2011,ALIYAH,SUFFOLK,F,11
2011,CAMRYN,SUFFOLK,F,9
2011,DECLAN,SUFFOLK,M,24
2011,ETHAN,SUFFOLK,M,52
2011,DELANEY,SUFFOLK,F,6
2011,MARY,SUFFOLK,F,7
2011,DELILAH,SUFFOLK,F,5
2011,SARAH,SUFFOLK,F,39
2011,BRADLEY,SUFFOLK,M,9
2011,HARPER,SUFFOLK,F,7
2011,LEAH,SUFFOLK,F,37
2011,JOSHUA,SUFFOLK,M,67
2011,NAOMI,SUFFOLK,F,7
2011,SAVANNAH,SUFFOLK,F,30
2011,DEREK,SUFFOLK,M,23
2011,SCARLET,SUFFOLK,F,7
2011,NATALIA,SUFFOLK,F,21
2011,NICHOLAS,SUFFOLK,M,109
2011,SCARLETT,SUFFOLK,F,16
2011,KATHERINE,SUFFOLK,F,25
2011,SCOTT,SUFFOLK,M,5
2011,CARLOS,SUFFOLK,M,16
2011,EVA,SUFFOLK,F,9
2011,MARK,SUFFOLK,M,15
2011,DESTINY,SUFFOLK,F,5
2011,SEAN,SUFFOLK,M,30
2011,PRESTON,SUFFOLK,M,14
2011,GIA,SUFFOLK,F,8
2011,CARLY,SUFFOLK,F,7
2011,GIADA,SUFFOLK,F,6
2011,CARMINE,SUFFOLK,M,8
2011,MARISSA,SUFFOLK,F,8
2011,JULIE,SUFFOLK,F,8
2011,NICKOLAS,SUFFOLK,M,6
2011,SEBASTIAN,SUFFOLK,M,34
2011,DEVIN,SUFFOLK,M,14
2011,NICO,SUFFOLK,M,12
2011,ANABELLA,SUFFOLK,F,5
2011,HECTOR,SUFFOLK,M,5
2011,AUBREY,SUFFOLK,F,22
2011,JOSUE,SUFFOLK,M,18
2011,SERENITY,SUFFOLK,F,11
2011,ANASTASIA,SUFFOLK,F,7
2011,LAYLA,SUFFOLK,F,21
2011,ALEJANDRA,SUFFOLK,F,5
2011,HARRISON,SUFFOLK,M,8
2011,DIANA,SUFFOLK,F,18
2011,ANGEL,SUFFOLK,M,27
2011,KATELYN,SUFFOLK,F,14
2011,SHANE,SUFFOLK,M,17
2011,ALEJANDRO,SUFFOLK,M,9
2011,LAUREN,SUFFOLK,F,14
2011,SHANNON,SUFFOLK,F,6
2011,CAROLINE,SUFFOLK,F,11
2011,DIEGO,SUFFOLK,M,16
2011,SHAWN,SUFFOLK,M,9
2011,BLAKE,SUFFOLK,F,5
2011,BLAKE,SUFFOLK,M,21
2011,OWEN,SUFFOLK,M,29
2011,CARSON,SUFFOLK,M,6
2011,NICOLAS,SUFFOLK,M,18
2011,MARIA,SUFFOLK,F,13
2011,PETER,SUFFOLK,M,14
2011,ALLISON,SUFFOLK,F,34
2011,AVA,SUFFOLK,F,106
2011,MARGARET,SUFFOLK,F,6
2011,EVAN,SUFFOLK,M,41
2011,DOMINIC,SUFFOLK,M,38
2011,MARCUS,SUFFOLK,M,11
2011,SIENNA,SUFFOLK,F,14
2011,ABIGAIL,SUFFOLK,F,68
2011,EVANGELINE,SUFFOLK,F,7
2011,DOMINICK,SUFFOLK,M,21
2011,ALAN,SUFFOLK,M,9
2011,ANDREW,SUFFOLK,M,75
2011,DONALD,SUFFOLK,M,5
2011,JULIANNA,SUFFOLK,F,40
2011,ALLYSON,SUFFOLK,F,5
2011,DONOVAN,SUFFOLK,M,6
2011,SKYLAR,SUFFOLK,F,11
2011,SLOANE,SUFFOLK,F,5
2011,KATE,SUFFOLK,F,12
2011,MOLLY,SUFFOLK,F,23
2011,NATALIE,SUFFOLK,F,35
2011,DREW,SUFFOLK,M,9
2011,BIANCA,SUFFOLK,F,11
2011,NICOLE,SUFFOLK,F,29
2011,SOFIA,SUFFOLK,F,67
2011,HEIDI,SUFFOLK,F,7
2011,EVELYN,SUFFOLK,F,17
2011,CARTER,SUFFOLK,M,20
2011,PRISCILLA,SUFFOLK,F,5
2011,GIANNA,SUFFOLK,F,72
2011,MALACHI,SUFFOLK,M,9
2011,NICOLETTE,SUFFOLK,F,5
2011,NIKOLAS,SUFFOLK,M,7
2011,SOPHIA,SUFFOLK,F,133
2011,ANDERSON,SUFFOLK,M,14
2011,MAKENZIE,SUFFOLK,F,5
2011,MAKENNA,SUFFOLK,F,8
2011,SOPHIE,SUFFOLK,F,17
2011,LANDON,SUFFOLK,M,19
2011,CASEY,SUFFOLK,F,7
2011,CASEY,SUFFOLK,M,6
2011,MAKAYLA,SUFFOLK,F,21
2011,CASSANDRA,SUFFOLK,F,7
2011,AALIYAH,SUFFOLK,F,25
2011,MICHAEL,SUFFOLK,M,142
2011,STELLA,SUFFOLK,F,10
2011,MAGGIE,SUFFOLK,F,6
2011,STEPHANIE,SUFFOLK,F,22
2011,DYLAN,SUFFOLK,M,94
2011,NINA,SUFFOLK,F,8
2011,CASSIDY,SUFFOLK,F,6
2011,MAEVE,SUFFOLK,F,5
2011,STEPHEN,SUFFOLK,M,10
2011,NATHANIEL,SUFFOLK,M,19
2011,PAIGE,SUFFOLK,F,17
2011,EDGAR,SUFFOLK,M,5
2011,STEVEN,SUFFOLK,M,29
2011,MADISON,SUFFOLK,F,69
2011,SUMMER,SUFFOLK,F,9
2011,FAITH,SUFFOLK,F,14
2011,CATHERINE,SUFFOLK,F,9
2011,EDUARDO,SUFFOLK,M,5
2011,SYDNEY,SUFFOLK,F,13
2011,GIAVANNA,SUFFOLK,F,10
2011,KYRA,SUFFOLK,F,5
2011,TALIA,SUFFOLK,F,5
2011,KYLIE,SUFFOLK,F,18
2011,PAITYN,SUFFOLK,F,5
2011,CAYDEN,SUFFOLK,M,5
2011,TATIANA,SUFFOLK,F,9
2011,BENJAMIN,SUFFOLK,M,52
2011,EDWARD,SUFFOLK,M,19
2011,MIA,SUFFOLK,F,103
2011,FATIMA,SUFFOLK,F,5
2011,BREANNA,SUFFOLK,F,5
2011,CECILIA,SUFFOLK,F,9
2011,PAOLA,SUFFOLK,F,5
2011,EDWIN,SUFFOLK,M,8
2011,BRODY,SUFFOLK,M,19
2011,TAYLOR,SUFFOLK,F,27
2011,TEAGAN,SUFFOLK,F,6
2011,KAREN,SUFFOLK,F,6
2011,ALYSSA,SUFFOLK,F,26
2011,KYLEE,SUFFOLK,F,5
2011,KYLE,SUFFOLK,M,26
2011,CESAR,SUFFOLK,M,9
2011,MADELYN,SUFFOLK,F,16
2011,ELENA,SUFFOLK,F,10
2011,RACHEL,SUFFOLK,F,5
2011,FERNANDO,SUFFOLK,M,11
2011,ANDRE,SUFFOLK,M,6
2011,HAILEY,SUFFOLK,F,48
2011,MADELINE,SUFFOLK,F,17
2011,ELI,SUFFOLK,M,8
2011,BRAYDEN,SUFFOLK,M,39
2011,FINN,SUFFOLK,M,7
2011,THOMAS,SUFFOLK,M,64
2011,MOHAMMAD,SUFFOLK,M,5
2011,JULIANA,SUFFOLK,F,31
2011,KYLA,SUFFOLK,F,8
2011,TIFFANY,SUFFOLK,F,9
2011,PARKER,SUFFOLK,M,12
2011,ELIANA,SUFFOLK,F,13
2011,MADELEINE,SUFFOLK,F,6
2011,FIONA,SUFFOLK,F,6
2011,MACKENZIE,SUFFOLK,F,31
2011,KRISTIAN,SUFFOLK,M,5
2011,KRISTEN,SUFFOLK,F,6
2011,TIMOTHY,SUFFOLK,M,14
2011,KIRA,SUFFOLK,F,5
2011,BRENNAN,SUFFOLK,M,5
2011,ELIAS,SUFFOLK,M,11
2011,TRAVIS,SUFFOLK,M,16
2011,AARON,SUFFOLK,M,26
2011,GIOVANNI,SUFFOLK,M,31
2011,KAMILA,SUFFOLK,F,7
2011,TREVOR,SUFFOLK,M,9
2011,KIMBERLY,SUFFOLK,F,23
2011,PATRICIA,SUFFOLK,F,5
2011,FRANCESCA,SUFFOLK,F,8
2011,NATALY,SUFFOLK,F,5
2011,TRINITY,SUFFOLK,F,5
2011,AMANDA,SUFFOLK,F,8
2011,LYLA,SUFFOLK,F,18
2011,FRANCESCO,SUFFOLK,M,5
2011,KIERAN,SUFFOLK,M,7
2011,TRISTAN,SUFFOLK,M,12
2011,TROY,SUFFOLK,M,6
2011,TY,SUFFOLK,M,6
2011,KALEB,SUFFOLK,M,6
2011,FRANCISCO,SUFFOLK,M,6
2011,ELIJAH,SUFFOLK,M,24
2011,LUNA,SUFFOLK,F,11
2011,NATHALY,SUFFOLK,F,9
2011,CHARLES,SUFFOLK,M,35
2011,LUKE,SUFFOLK,M,53
2011,TYLER,SUFFOLK,M,81
2011,NOAH,SUFFOLK,M,52
2011,ELISE,SUFFOLK,F,5
2011,BRIANA,SUFFOLK,F,13
2011,KAITLYN,SUFFOLK,F,28
2011,FRANK,SUFFOLK,M,13
2011,VALENTINA,SUFFOLK,F,20
2011,FRANKIE,SUFFOLK,M,5
2011,ANDREA,SUFFOLK,F,13
2011,GISELLE,SUFFOLK,F,17
2011,HALEY,SUFFOLK,F,11
2011,ALEXANDER,SUFFOLK,M,85
2011,KHLOE,SUFFOLK,F,7
2011,LUKAS,SUFFOLK,M,5
2011,NOELLE,SUFFOLK,F,5
2011,VALERIE,SUFFOLK,F,5
2011,VANESSA,SUFFOLK,F,17
2011,LUIS,SUFFOLK,M,10
2011,VERONICA,SUFFOLK,F,8
2011,KEVIN,SUFFOLK,M,52
2011,QUINN,SUFFOLK,M,6
2011,QUINN,SUFFOLK,F,8
2011,BRENNA,SUFFOLK,F,7
2011,NATHAN,SUFFOLK,M,24
2011,NOLAN,SUFFOLK,M,13
2011,VICTOR,SUFFOLK,M,9
2011,ZOEY,SUFFOLK,F,13
2011,MILEY,SUFFOLK,F,6
2011,VICTORIA,SUFFOLK,F,45
2011,ZOE,SUFFOLK,F,17
2011,BRENDAN,SUFFOLK,M,25
2011,CHARLOTTE,SUFFOLK,F,42
2011,ELIZABETH,SUFFOLK,F,29
2011,JOSIAH,SUFFOLK,M,12
2011,ANDRES,SUFFOLK,M,6
2011,JUAN,SUFFOLK,M,10
2011,LUCIA,SUFFOLK,F,7
2011,NORAH,SUFFOLK,F,5
2011,VINCENT,SUFFOLK,M,35
2011,VINCENZO,SUFFOLK,M,5
2011,BELLA,SUFFOLK,F,18
2011,VIOLET,SUFFOLK,F,12
2011,KAILYN,SUFFOLK,F,5
2011,MILES,SUFFOLK,M,5
2011,VIVIAN,SUFFOLK,F,5
2011,LUCAS,SUFFOLK,M,50
2011,WESLEY,SUFFOLK,M,12
2011,ZION,SUFFOLK,M,10
2011,AUDRINA,SUFFOLK,F,5
2011,GIULIANA,SUFFOLK,F,20
2011,PEYTON,SUFFOLK,F,24
2011,KENNETH,SUFFOLK,M,13
2011,LUCA,SUFFOLK,M,14
2011,PATRICK,SUFFOLK,M,25
2011,MILANIA,SUFFOLK,F,7
2011,MILANI,SUFFOLK,F,6
2011,WILLIAM,SUFFOLK,M,70
2011,LOUIS,SUFFOLK,M,8
2011,WILSON,SUFFOLK,M,6
2011,OLIVER,SUFFOLK,M,19
2011,LORENZO,SUFFOLK,M,9
2011,ELLA,SUFFOLK,F,53
2011,WYATT,SUFFOLK,M,9
2010,NATALIE,SUFFOLK,F,41
2010,NATHAN,SUFFOLK,M,24
2010,BRIANNA,SUFFOLK,F,54
2010,NATHANIEL,SUFFOLK,M,17
2010,BRIELLE,SUFFOLK,F,11
2010,NICHOLAS,SUFFOLK,M,98
2010,NICOLAS,SUFFOLK,M,10
2010,NICOLE,SUFFOLK,F,31
2010,BRODY,SUFFOLK,M,24
2010,NOAH,SUFFOLK,M,39
2010,BROOKE,SUFFOLK,F,34
2010,ALEX,SUFFOLK,M,23
2010,OLIVIA,SUFFOLK,F,109
2010,OSCAR,SUFFOLK,M,12
2010,BRYAN,SUFFOLK,M,33
2010,OWEN,SUFFOLK,M,40
2010,PAIGE,SUFFOLK,F,10
2010,PATRICK,SUFFOLK,M,29
2010,PAUL,SUFFOLK,M,16
2010,PAYTON,SUFFOLK,F,11
2010,PETER,SUFFOLK,M,19
2010,PEYTON,SUFFOLK,F,18
2010,RACHEL,SUFFOLK,F,14
2010,RAYMOND,SUFFOLK,M,10
2010,REBECCA,SUFFOLK,F,16
2010,REESE,SUFFOLK,F,11
2010,ALEXA,SUFFOLK,F,64
2010,RICHARD,SUFFOLK,M,23
2010,CALEB,SUFFOLK,M,21
2010,RILEY,SUFFOLK,M,16
2010,RILEY,SUFFOLK,F,31
2010,ROBERT,SUFFOLK,M,63
2010,ROCCO,SUFFOLK,M,10
2010,RYAN,SUFFOLK,M,130
2010,SABRINA,SUFFOLK,F,14
2010,CAMERON,SUFFOLK,M,26
2010,SALVATORE,SUFFOLK,M,13
2010,SAMANTHA,SUFFOLK,F,67
2010,CAMILA,SUFFOLK,F,14
2010,SAMUEL,SUFFOLK,M,50
2010,SARA,SUFFOLK,F,15
2010,SARAH,SUFFOLK,F,42
2010,SAVANNAH,SUFFOLK,F,19
2010,SCARLETT,SUFFOLK,F,15
2010,CARLOS,SUFFOLK,M,20
2010,SEAN,SUFFOLK,M,46
2010,CARLY,SUFFOLK,F,12
2010,SEBASTIAN,SUFFOLK,M,28
2010,SHANE,SUFFOLK,M,18
2010,CAROLINE,SUFFOLK,F,10
2010,SIENNA,SUFFOLK,F,14
2010,SKYLAR,SUFFOLK,F,12
2010,SOFIA,SUFFOLK,F,33
2010,CARTER,SUFFOLK,M,18
2010,SOPHIA,SUFFOLK,F,139
2010,SOPHIE,SUFFOLK,F,13
2010,CASEY,SUFFOLK,F,12
2010,STELLA,SUFFOLK,F,16
2010,STEPHANIE,SUFFOLK,F,17
2010,CASSIDY,SUFFOLK,F,17
2010,STEPHEN,SUFFOLK,M,11
2010,STEVEN,SUFFOLK,M,40
2010,CATHERINE,SUFFOLK,F,13
2010,SYDNEY,SUFFOLK,F,19
2010,TAYLOR,SUFFOLK,F,27
2010,ALEXANDER,SUFFOLK,M,81
2010,THOMAS,SUFFOLK,M,79
2010,TIFFANY,SUFFOLK,F,14
2010,TIMOTHY,SUFFOLK,M,12
2010,TRAVIS,SUFFOLK,M,18
2010,TRISTAN,SUFFOLK,M,18
2010,CHARLES,SUFFOLK,M,23
2010,TYLER,SUFFOLK,M,83
2010,VALENTINA,SUFFOLK,F,20
2010,VALERIE,SUFFOLK,F,20
2010,VANESSA,SUFFOLK,F,16
2010,CHARLOTTE,SUFFOLK,F,46
2010,ZOEY,SUFFOLK,F,15
2010,VICTORIA,SUFFOLK,F,29
2010,VINCENT,SUFFOLK,M,31
2010,ZOE,SUFFOLK,F,21
2010,VIOLET,SUFFOLK,F,12
2010,WILLIAM,SUFFOLK,M,68
2010,CHASE,SUFFOLK,M,30
2010,WYATT,SUFFOLK,M,12
2010,XAVIER,SUFFOLK,M,21
2010,ZACHARY,SUFFOLK,M,36
2010,ALEXANDRA,SUFFOLK,F,35
2010,CHLOE,SUFFOLK,F,39
2010,CHRIS,SUFFOLK,M,10
2010,CHRISTIAN,SUFFOLK,M,80
2010,CHRISTOPHER,SUFFOLK,M,154
2010,CLAIRE,SUFFOLK,F,13
2010,COLE,SUFFOLK,M,30
2010,COLIN,SUFFOLK,M,22
2010,ALEXIS,SUFFOLK,F,37
2010,CONNOR,SUFFOLK,M,44
2010,COOPER,SUFFOLK,M,12
2010,COURTNEY,SUFFOLK,F,10
2010,CRISTIAN,SUFFOLK,M,21
2010,ADAM,SUFFOLK,M,23
2010,DAMIEN,SUFFOLK,M,12
2010,DANIEL,SUFFOLK,M,105
2010,DANIELA,SUFFOLK,F,19
2010,DANIELLA,SUFFOLK,F,14
2010,DANNA,SUFFOLK,F,10
2010,DANNY,SUFFOLK,M,11
2010,DAVID,SUFFOLK,M,59
2010,DEAN,SUFFOLK,M,12
2010,DEREK,SUFFOLK,M,21
2010,DEVIN,SUFFOLK,M,12
2010,DIANA,SUFFOLK,F,10
2010,DIEGO,SUFFOLK,M,18
2010,ALLISON,SUFFOLK,F,35
2010,DOMINIC,SUFFOLK,M,33
2010,DOMINICK,SUFFOLK,M,20
2010,DREW,SUFFOLK,M,10
2010,DYLAN,SUFFOLK,M,96
2010,AARON,SUFFOLK,M,28
2010,EDWARD,SUFFOLK,M,16
2010,EDWIN,SUFFOLK,M,13
2010,ALYSSA,SUFFOLK,F,37
2010,ELIANA,SUFFOLK,F,10
2010,AMANDA,SUFFOLK,F,14
2010,ELIJAH,SUFFOLK,M,41
2010,ADDISON,SUFFOLK,F,21
2010,ELIZABETH,SUFFOLK,F,40
2010,ELLA,SUFFOLK,F,52
2010,EMELY,SUFFOLK,F,23
2010,EMILY,SUFFOLK,F,87
2010,AMELIA,SUFFOLK,F,27
2010,EMMA,SUFFOLK,F,91
2010,ERIC,SUFFOLK,M,28
2010,ERICK,SUFFOLK,M,18
2010,ERIK,SUFFOLK,M,10
2010,ERIN,SUFFOLK,F,16
2010,AMY,SUFFOLK,F,16
2010,ETHAN,SUFFOLK,M,79
2010,EVAN,SUFFOLK,M,46
2010,EVELYN,SUFFOLK,F,11
2010,ANDERSON,SUFFOLK,M,13
2010,FAITH,SUFFOLK,F,15
2010,ANDREA,SUFFOLK,F,13
2010,FRANK,SUFFOLK,M,14
2010,GABRIEL,SUFFOLK,M,46
2010,GABRIELA,SUFFOLK,F,17
2010,GABRIELLA,SUFFOLK,F,72
2010,GABRIELLE,SUFFOLK,F,24
2010,ADRIAN,SUFFOLK,M,16
2010,GAVIN,SUFFOLK,M,62
2010,GENESIS,SUFFOLK,F,47
2010,GEORGE,SUFFOLK,M,19
2010,GIA,SUFFOLK,F,10
2010,ANDREW,SUFFOLK,M,73
2010,GIANNA,SUFFOLK,F,73
2010,GIAVANNA,SUFFOLK,F,11
2010,GIOVANNI,SUFFOLK,M,32
2010,GISELLE,SUFFOLK,F,19
2010,ANDY,SUFFOLK,M,13
2010,GIULIANA,SUFFOLK,F,15
2010,GRACE,SUFFOLK,F,47
2010,ANGEL,SUFFOLK,M,30
2010,HAILEY,SUFFOLK,F,39
2010,ADRIANA,SUFFOLK,F,29
2010,ANGELA,SUFFOLK,F,10
2010,HANNAH,SUFFOLK,F,30
2010,HENRY,SUFFOLK,M,25
2010,ANGELINA,SUFFOLK,F,41
2010,HUNTER,SUFFOLK,M,29
2010,IAN,SUFFOLK,M,19
2010,ANGELO,SUFFOLK,M,17
2010,ISAAC,SUFFOLK,M,14
2010,ANGIE,SUFFOLK,F,12
2010,ISABELLA,SUFFOLK,F,151
2010,ISABELLE,SUFFOLK,F,12
2010,ISAIAH,SUFFOLK,M,25
2010,ADRIANNA,SUFFOLK,F,22
2010,JACK,SUFFOLK,M,102
2010,ANNA,SUFFOLK,F,24
2010,JACKSON,SUFFOLK,M,41
2010,JACOB,SUFFOLK,M,111
2010,JADEN,SUFFOLK,M,24
2010,JADIEL,SUFFOLK,M,10
2010,JAIDEN,SUFFOLK,M,21
2010,JAKE,SUFFOLK,M,75
2010,JAMES,SUFFOLK,M,109
2010,JAMIE,SUFFOLK,F,10
2010,ANTHONY,SUFFOLK,M,150
2010,JASMINE,SUFFOLK,F,15
2010,JASON,SUFFOLK,M,60
2010,ANTONIO,SUFFOLK,M,21
2010,JAYDEN,SUFFOLK,M,106
2010,JAYLA,SUFFOLK,F,10
2010,JEFFREY,SUFFOLK,M,20
2010,JENNA,SUFFOLK,F,17
2010,JENNIFER,SUFFOLK,F,22
2010,ARIANA,SUFFOLK,F,17
2010,JEREMIAH,SUFFOLK,M,19
2010,JEREMY,SUFFOLK,M,21
2010,JESSE,SUFFOLK,M,14
2010,JESSICA,SUFFOLK,F,14
2010,JILLIAN,SUFFOLK,F,14
2010,ARIANNA,SUFFOLK,F,42
2010,JOCELYN,SUFFOLK,F,12
2010,JOEL,SUFFOLK,M,14
2010,AIDAN,SUFFOLK,M,48
2010,JOHN,SUFFOLK,M,92
2010,JONATHAN,SUFFOLK,M,59
2010,JORDAN,SUFFOLK,M,34
2010,JORDYN,SUFFOLK,F,12
2010,JOSE,SUFFOLK,M,25
2010,JOSEPH,SUFFOLK,M,133
2010,JOSEPHINE,SUFFOLK,F,11
2010,JOSHUA,SUFFOLK,M,68
2010,ASHLEY,SUFFOLK,F,63
2010,JOSIAH,SUFFOLK,M,14
2010,JOSUE,SUFFOLK,M,11
2010,JUAN,SUFFOLK,M,10
2010,JULIA,SUFFOLK,F,50
2010,JULIAN,SUFFOLK,M,30
2010,JULIANA,SUFFOLK,F,29
2010,JULIANNA,SUFFOLK,F,56
2010,JULIET,SUFFOLK,F,12
2010,JULIETTE,SUFFOLK,F,10
2010,AALIYAH,SUFFOLK,F,14
2010,AUDREY,SUFFOLK,F,13
2010,JUSTIN,SUFFOLK,M,112
2010,KAITLYN,SUFFOLK,F,28
2010,KAREN,SUFFOLK,F,10
2010,KATE,SUFFOLK,F,14
2010,KATELYN,SUFFOLK,F,11
2010,KATHERINE,SUFFOLK,F,32
2010,AUSTIN,SUFFOLK,M,16
2010,KAYDEN,SUFFOLK,M,11
2010,KAYLA,SUFFOLK,F,36
2010,KAYLEE,SUFFOLK,F,45
2010,KAYLEIGH,SUFFOLK,F,10
2010,AUTUMN,SUFFOLK,F,10
2010,KEIRA,SUFFOLK,F,21
2010,KELLY,SUFFOLK,F,14
2010,KENNETH,SUFFOLK,M,18
2010,KEVIN,SUFFOLK,M,49
2010,KHLOE,SUFFOLK,F,15
2010,KIMBERLY,SUFFOLK,F,20
2010,KYLE,SUFFOLK,M,35
2010,KYLIE,SUFFOLK,F,22
2010,AVA,SUFFOLK,F,114
2010,LAILA,SUFFOLK,F,11
2010,LANDON,SUFFOLK,M,22
2010,LAUREN,SUFFOLK,F,18
2010,LAYLA,SUFFOLK,F,20
2010,AIDEN,SUFFOLK,M,75
2010,LEAH,SUFFOLK,F,35
2010,AVERY,SUFFOLK,F,39
2010,LEO,SUFFOLK,M,11
2010,LEONARDO,SUFFOLK,M,10
2010,LIA,SUFFOLK,F,13
2010,LIAM,SUFFOLK,M,55
2010,LILA,SUFFOLK,F,14
2010,LILIANA,SUFFOLK,F,17
2010,LILLIAN,SUFFOLK,F,22
2010,LILY,SUFFOLK,F,62
2010,AYDEN,SUFFOLK,M,16
2010,LOGAN,SUFFOLK,M,99
2010,LORENZO,SUFFOLK,M,10
2010,LUCA,SUFFOLK,M,19
2010,BELLA,SUFFOLK,F,17
2010,LUCAS,SUFFOLK,M,67
2010,LUIS,SUFFOLK,M,15
2010,LUKAS,SUFFOLK,M,10
2010,LUKE,SUFFOLK,M,60
2010,LYLA,SUFFOLK,F,15
2010,MACKENZIE,SUFFOLK,F,20
2010,MADELINE,SUFFOLK,F,21
2010,MADELYN,SUFFOLK,F,17
2010,BENJAMIN,SUFFOLK,M,69
2010,MADISON,SUFFOLK,F,73
2010,MAKAYLA,SUFFOLK,F,30
2010,BIANCA,SUFFOLK,F,12
2010,MARCUS,SUFFOLK,M,13
2010,BLAKE,SUFFOLK,M,10
2010,MARIA,SUFFOLK,F,11
2010,MARK,SUFFOLK,M,12
2010,BRADLEY,SUFFOLK,M,14
2010,MARY,SUFFOLK,F,11
2010,BRADY,SUFFOLK,M,15
2010,MASON,SUFFOLK,M,41
2010,ALANA,SUFFOLK,F,11
2010,ABIGAIL,SUFFOLK,F,73
2010,MATTHEW,SUFFOLK,M,131
2010,MAX,SUFFOLK,M,18
2010,BRANDON,SUFFOLK,M,65
2010,MAYA,SUFFOLK,F,27
2010,BRAYAN,SUFFOLK,M,11
2010,MEGAN,SUFFOLK,F,20
2010,MELANIE,SUFFOLK,F,13
2010,MELISSA,SUFFOLK,F,13
2010,BRAYDEN,SUFFOLK,M,39
2010,MIA,SUFFOLK,F,75
2010,MICHAEL,SUFFOLK,M,174
2010,MICHELLE,SUFFOLK,F,12
2010,ALEJANDRO,SUFFOLK,M,10
2010,MIGUEL,SUFFOLK,M,10
2010,MIKAYLA,SUFFOLK,F,12
2010,BRENDAN,SUFFOLK,M,19
2010,MOLLY,SUFFOLK,F,20
2010,MORGAN,SUFFOLK,F,16
2010,BRIAN,SUFFOLK,M,53
2010,BRIANA,SUFFOLK,F,15
2010,NATALIA,SUFFOLK,F,24
2009,HAZEL,SUFFOLK,F,5
2009,HAYDEN,SUFFOLK,M,5
2009,ASHLEY,SUFFOLK,F,57
2009,JOSIAH,SUFFOLK,M,17
2009,CAITLYN,SUFFOLK,F,10
2009,JOSUE,SUFFOLK,M,14
2009,HARRISON,SUFFOLK,M,9
2009,RACHEL,SUFFOLK,F,15
2009,MELISSA,SUFFOLK,F,16
2009,HANNAH,SUFFOLK,F,27
2009,JUAN,SUFFOLK,M,12
2009,ANGELA,SUFFOLK,F,13
2009,HALEY,SUFFOLK,F,5
2009,JUDE,SUFFOLK,M,8
2009,NEVAEH,SUFFOLK,F,13
2009,HAILEY,SUFFOLK,F,36
2009,ASHLYN,SUFFOLK,F,5
2009,GRIFFIN,SUFFOLK,M,10
2009,ANGEL,SUFFOLK,M,39
2009,JULIA,SUFFOLK,F,51
2009,GREGORY,SUFFOLK,M,11
2009,GRANT,SUFFOLK,M,5
2009,ADRIANA,SUFFOLK,F,24
2009,GRAHAM,SUFFOLK,M,5
2009,AALIYAH,SUFFOLK,F,14
2009,JULIAN,SUFFOLK,M,30
2009,BRAYDEN,SUFFOLK,M,29
2009,MELVIN,SUFFOLK,M,8
2009,QUINN,SUFFOLK,M,9
2009,CAITLIN,SUFFOLK,F,13
2009,GRACE,SUFFOLK,F,51
2009,GIULIANA,SUFFOLK,F,9
2009,GISELLE,SUFFOLK,F,14
2009,ANDY,SUFFOLK,M,17
2009,JULIANA,SUFFOLK,F,29
2009,NELSON,SUFFOLK,M,5
2009,GIOVANNI,SUFFOLK,M,20
2009,GIOVANNA,SUFFOLK,F,9
2009,GIAVANNA,SUFFOLK,F,18
2009,GIANNI,SUFFOLK,M,8
2009,GIANNA,SUFFOLK,F,102
2009,AUBREY,SUFFOLK,F,5
2009,JULIANNA,SUFFOLK,F,38
2009,QUENTIN,SUFFOLK,M,5
2009,JULIANNE,SUFFOLK,F,7
2009,GIANA,SUFFOLK,F,8
2009,GIADA,SUFFOLK,F,5
2009,GIA,SUFFOLK,F,9
2009,GEORGE,SUFFOLK,M,12
2009,JULIET,SUFFOLK,F,9
2009,PRISCILLA,SUFFOLK,F,6
2009,GENEVIEVE,SUFFOLK,F,6
2009,JULIETTE,SUFFOLK,F,5
2009,GENESIS,SUFFOLK,F,34
2009,JULIO,SUFFOLK,M,6
2009,JULISSA,SUFFOLK,F,7
2009,GAVIN,SUFFOLK,M,60
2009,JULIUS,SUFFOLK,M,8
2009,ALEXA,SUFFOLK,F,56
2009,ANDREW,SUFFOLK,M,84
2009,AUDREY,SUFFOLK,F,11
2009,PRESTON,SUFFOLK,M,10
2009,PIPER,SUFFOLK,F,6
2009,JUSTIN,SUFFOLK,M,98
2009,CADENCE,SUFFOLK,F,9
2009,PHILIP,SUFFOLK,M,10
2009,GABRIELLE,SUFFOLK,F,19
2009,PEYTON,SUFFOLK,M,5
2009,KADEN,SUFFOLK,M,5
2009,KAELYN,SUFFOLK,F,6
2009,GABRIELLA,SUFFOLK,F,76
2009,KAI,SUFFOLK,M,8
2009,NAYELI,SUFFOLK,F,7
2009,KAIDEN,SUFFOLK,M,5
2009,BRIAN,SUFFOLK,M,46
2009,GABRIELA,SUFFOLK,F,13
2009,KAILEY,SUFFOLK,F,6
2009,GABRIEL,SUFFOLK,M,49
2009,KAITLIN,SUFFOLK,F,5
2009,ANDRES,SUFFOLK,M,7
2009,KAITLYN,SUFFOLK,F,35
2009,NATALIE,SUFFOLK,F,36
2009,FRANK,SUFFOLK,M,16
2009,ANDREA,SUFFOLK,F,15
2009,FRANCO,SUFFOLK,M,5
2009,KALEB,SUFFOLK,M,5
2009,FRANCISCO,SUFFOLK,M,6
2009,FRANCIS,SUFFOLK,M,5
2009,ADRIAN,SUFFOLK,M,17
2009,FRANCESCO,SUFFOLK,M,7
2009,FRANCESCA,SUFFOLK,F,12
2009,KARA,SUFFOLK,F,5
2009,FINN,SUFFOLK,M,10
2009,FERNANDO,SUFFOLK,M,9
2009,ANDRE,SUFFOLK,M,6
2009,KAREN,SUFFOLK,F,8
2009,KARINA,SUFFOLK,F,7
2009,FAITH,SUFFOLK,F,14
2009,KATE,SUFFOLK,F,18
2009,EVELYN,SUFFOLK,F,11
2009,ANDERSON,SUFFOLK,M,14
2009,EVE,SUFFOLK,F,5
2009,EVAN,SUFFOLK,M,53
2009,KATELYN,SUFFOLK,F,15
2009,MIA,SUFFOLK,F,84
2009,ANALIA,SUFFOLK,F,5
2009,KATHERINE,SUFFOLK,F,38
2009,ANABELLA,SUFFOLK,F,6
2009,EVA,SUFFOLK,F,18
2009,ANA,SUFFOLK,F,10
2009,AUSTIN,SUFFOLK,M,22
2009,KATHRYN,SUFFOLK,F,9
2009,KATIE,SUFFOLK,F,11
2009,ETHAN,SUFFOLK,M,65
2009,AMY,SUFFOLK,F,33
2009,ERIN,SUFFOLK,F,18
2009,KAYLA,SUFFOLK,F,69
2009,MYA,SUFFOLK,F,12
2009,PEYTON,SUFFOLK,F,25
2009,CADEN,SUFFOLK,M,10
2009,ERIKA,SUFFOLK,F,5
2009,ERIK,SUFFOLK,M,9
2009,ERICK,SUFFOLK,M,9
2009,ERIC,SUFFOLK,M,16
2009,AUTUMN,SUFFOLK,F,9
2009,KAYLEE,SUFFOLK,F,44
2009,AMIR,SUFFOLK,M,5
2009,EMMETT,SUFFOLK,M,5
2009,EMMANUEL,SUFFOLK,M,10
2009,KAYLEIGH,SUFFOLK,F,12
2009,KAYLIE,SUFFOLK,F,5
2009,KAYLIN,SUFFOLK,F,7
2009,KEEGAN,SUFFOLK,M,5
2009,KEILY,SUFFOLK,F,6
2009,KEIRA,SUFFOLK,F,24
2009,PETER,SUFFOLK,M,19
2009,EMMA,SUFFOLK,F,114
2009,KEITH,SUFFOLK,M,6
2009,KELLY,SUFFOLK,F,17
2009,EMILY,SUFFOLK,F,104
2009,KELSEY,SUFFOLK,F,6
2009,KELVIN,SUFFOLK,M,5
2009,AMELIA,SUFFOLK,F,21
2009,KENDALL,SUFFOLK,F,5
2009,EMERSON,SUFFOLK,F,8
2009,EMERSON,SUFFOLK,M,7
2009,EMELY,SUFFOLK,F,21
2009,EMANUEL,SUFFOLK,M,7
2009,ELLIE,SUFFOLK,F,10
2009,KENNETH,SUFFOLK,M,11
2009,ELLA,SUFFOLK,F,45
2009,KENNY,SUFFOLK,M,5
2009,PENELOPE,SUFFOLK,F,9
2009,AMBER,SUFFOLK,F,11
2009,KEVIN,SUFFOLK,M,81
2009,PAYTON,SUFFOLK,F,9
2009,ELIZABETH,SUFFOLK,F,41
2009,KHLOE,SUFFOLK,F,5
2009,PAUL,SUFFOLK,M,15
2009,AMAYA,SUFFOLK,F,5
2009,AIDEN,SUFFOLK,M,61
2009,KIARA,SUFFOLK,F,7
2009,KIERA,SUFFOLK,F,6
2009,KIERAN,SUFFOLK,M,7
2009,BRYCE,SUFFOLK,M,7
2009,ELIJAH,SUFFOLK,M,37
2009,AVA,SUFFOLK,F,126
2009,KIMBERLY,SUFFOLK,F,26
2009,PATRICK,SUFFOLK,M,26
2009,ELIAS,SUFFOLK,M,6
2009,AMANDA,SUFFOLK,F,20
2009,ELIANA,SUFFOLK,F,7
2009,KYLE,SUFFOLK,M,45
2009,ELI,SUFFOLK,M,5
2009,ELENA,SUFFOLK,F,10
2009,PARKER,SUFFOLK,M,11
2009,PAOLA,SUFFOLK,F,6
2009,KYLIE,SUFFOLK,F,16
2009,PAIGE,SUFFOLK,F,17
2009,EDWIN,SUFFOLK,M,12
2009,EDWARD,SUFFOLK,M,12
2009,ALYSSA,SUFFOLK,F,24
2009,NATHANIEL,SUFFOLK,M,25
2009,LAILA,SUFFOLK,F,15
2009,EDUARDO,SUFFOLK,M,5
2009,ADDISON,SUFFOLK,F,33
2009,DYLAN,SUFFOLK,M,87
2009,LANDON,SUFFOLK,M,17
2009,DYLAN,SUFFOLK,F,5
2009,DREW,SUFFOLK,M,7
2009,DOUGLAS,SUFFOLK,M,8
2009,LAURA,SUFFOLK,F,10
2009,DONOVAN,SUFFOLK,M,7
2009,ALLYSON,SUFFOLK,F,11
2009,DONALD,SUFFOLK,M,5
2009,DOMINIK,SUFFOLK,M,5
2009,DOMINICK,SUFFOLK,M,20
2009,DOMINIC,SUFFOLK,M,25
2009,LAUREN,SUFFOLK,F,13
2009,MICHAEL,SUFFOLK,M,185
2009,DILLON,SUFFOLK,M,5
2009,DIEGO,SUFFOLK,M,16
2009,ALLISON,SUFFOLK,F,35
2009,DIANA,SUFFOLK,F,14
2009,LAYLA,SUFFOLK,F,19
2009,DEVYN,SUFFOLK,F,5
2009,DEVIN,SUFFOLK,M,13
2009,LEA,SUFFOLK,F,5
2009,MYLES,SUFFOLK,M,8
2009,ALLIE,SUFFOLK,F,5
2009,NATHAN,SUFFOLK,M,19
2009,AVERY,SUFFOLK,F,21
2009,AVERY,SUFFOLK,M,6
2009,LEAH,SUFFOLK,F,30
2009,DEREK,SUFFOLK,M,24
2009,DENNIS,SUFFOLK,M,7
2009,DELILAH,SUFFOLK,F,5
2009,DELANEY,SUFFOLK,F,14
2009,DECLAN,SUFFOLK,M,7
2009,LEILA,SUFFOLK,F,10
2009,DEAN,SUFFOLK,M,7
2009,OWEN,SUFFOLK,M,19
2009,DAYANA,SUFFOLK,F,8
2009,LEO,SUFFOLK,M,5
2009,BRYAN,SUFFOLK,M,36
2009,DAVID,SUFFOLK,M,76
2009,ALIVIA,SUFFOLK,F,5
2009,DARREN,SUFFOLK,M,5
2009,ALISSON,SUFFOLK,F,5
2009,LEONARDO,SUFFOLK,M,10
2009,DAPHNE,SUFFOLK,F,5
2009,DANTE,SUFFOLK,M,5
2009,DANNY,SUFFOLK,M,11
2009,DANIELLE,SUFFOLK,F,17
2009,ALISON,SUFFOLK,F,12
2009,LESLIE,SUFFOLK,F,10
2009,DANIELLA,SUFFOLK,F,6
2009,DANIELA,SUFFOLK,F,23
2009,OSCAR,SUFFOLK,M,13
2009,DANIEL,SUFFOLK,M,120
2009,LEXI,SUFFOLK,F,5
2009,LIA,SUFFOLK,F,11
2009,OMARI,SUFFOLK,M,5
2009,DANICA,SUFFOLK,F,7
2009,DAMIAN,SUFFOLK,M,15
2009,DAKOTA,SUFFOLK,F,7
2009,ALICE,SUFFOLK,F,5
2009,CRYSTAL,SUFFOLK,F,8
2009,OMAR,SUFFOLK,M,7
2009,LIAM,SUFFOLK,M,57
2009,MICHELLE,SUFFOLK,F,19
2009,CRISTIAN,SUFFOLK,M,24
2009,COURTNEY,SUFFOLK,F,7
2009,COREY,SUFFOLK,M,6
2009,ADAM,SUFFOLK,M,27
2009,COOPER,SUFFOLK,M,7
2009,AXEL,SUFFOLK,M,5
2009,OLIVIA,SUFFOLK,F,116
2009,CONNOR,SUFFOLK,M,40
2009,LILA,SUFFOLK,F,13
2009,CONNER,SUFFOLK,M,5
2009,AYAAN,SUFFOLK,M,5
2009,LILIANA,SUFFOLK,F,19
2009,COLLIN,SUFFOLK,M,14
2009,LILIANNA,SUFFOLK,F,5
2009,COLIN,SUFFOLK,M,27
2009,ALEXIS,SUFFOLK,M,8
2009,COLE,SUFFOLK,M,35
2009,LILLIAN,SUFFOLK,F,15
2009,ALEXIS,SUFFOLK,F,29
2009,LILLY,SUFFOLK,F,8
2009,AARON,SUFFOLK,M,20
2009,CLAIRE,SUFFOLK,F,16
2009,CINDY,SUFFOLK,F,7
2009,AYDEN,SUFFOLK,M,17
2009,LILY,SUFFOLK,F,44
2009,MIGUEL,SUFFOLK,M,7
2009,CHRISTOPHER,SUFFOLK,M,140
2009,LILYANA,SUFFOLK,F,5
2009,LILYANNA,SUFFOLK,F,5
2009,ALEXIA,SUFFOLK,F,5
2009,CHRISTINA,SUFFOLK,F,14
2009,LINDSAY,SUFFOLK,F,8
2009,CHRISTIAN,SUFFOLK,M,107
2009,CHRIS,SUFFOLK,M,9
2009,CHLOE,SUFFOLK,F,37
2009,ALEXANDRA,SUFFOLK,F,40
2009,CHELSEA,SUFFOLK,F,14
2009,YUSUF,SUFFOLK,M,5
2009,LOGAN,SUFFOLK,M,84
2009,BRENDAN,SUFFOLK,M,28
2009,MIKAYLA,SUFFOLK,F,9
2009,ZACHARY,SUFFOLK,M,37
2009,BAILEY,SUFFOLK,F,5
2009,LOLA,SUFFOLK,F,5
2009,XAVIER,SUFFOLK,M,13
2009,LONDON,SUFFOLK,F,6
2009,AILEEN,SUFFOLK,F,5
2009,LORENZO,SUFFOLK,M,11
2009,WYATT,SUFFOLK,M,9
2009,LOUIS,SUFFOLK,M,16
2009,WILSON,SUFFOLK,M,6
2009,WILLIAM,SUFFOLK,M,86
2009,LUCA,SUFFOLK,M,17
2009,OLIVER,SUFFOLK,M,14
2009,CHASE,SUFFOLK,M,33
2009,BELLA,SUFFOLK,F,13
2009,BROOKE,SUFFOLK,F,51
2009,BRIANA,SUFFOLK,F,9
2009,MILES,SUFFOLK,M,5
2009,LUCAS,SUFFOLK,M,56
2009,ZOE,SUFFOLK,F,16
2009,VIVIAN,SUFFOLK,F,7
2009,VIOLET,SUFFOLK,F,7
2009,LUCIA,SUFFOLK,F,7
2009,VINCENZO,SUFFOLK,M,5
2009,VINCENT,SUFFOLK,M,37
2009,LUCY,SUFFOLK,F,9
2009,VICTORIA,SUFFOLK,F,28
2009,ZOEY,SUFFOLK,F,5
2009,VICTOR,SUFFOLK,M,16
2009,CHARLOTTE,SUFFOLK,F,23
2009,LUIS,SUFFOLK,M,23
2009,NORA,SUFFOLK,F,7
2009,VERONICA,SUFFOLK,F,9
2009,VANESSA,SUFFOLK,F,17
2009,LUKAS,SUFFOLK,M,6
2009,VALERIE,SUFFOLK,F,14
2009,VALERIA,SUFFOLK,F,7
2009,VALENTINA,SUFFOLK,F,21
2009,TYLER,SUFFOLK,M,80
2009,ABIGAIL,SUFFOLK,F,72
2009,LUKE,SUFFOLK,M,44
2009,LUNA,SUFFOLK,F,6
2009,NOLAN,SUFFOLK,M,11
2009,NOELLE,SUFFOLK,F,8
2009,CHARLES,SUFFOLK,M,32
2009,TROY,SUFFOLK,M,8
2009,TRISTAN,SUFFOLK,M,18
2009,LYLA,SUFFOLK,F,13
2009,TRINITY,SUFFOLK,F,6
2009,TREVOR,SUFFOLK,M,15
2009,TRAVIS,SUFFOLK,M,14
2009,MACKENZIE,SUFFOLK,F,23
2009,TIMOTHY,SUFFOLK,M,25
2009,NANCY,SUFFOLK,F,5
2009,TIFFANY,SUFFOLK,F,13
2009,BENJAMIN,SUFFOLK,M,60
2009,MADELINE,SUFFOLK,F,30
2009,BRENNAN,SUFFOLK,M,6
2009,THOMAS,SUFFOLK,M,79
2009,MADELYN,SUFFOLK,F,25
2009,NOAH,SUFFOLK,M,51
2009,THERESA,SUFFOLK,F,5
2009,THEODORE,SUFFOLK,M,5
2009,CHACE,SUFFOLK,M,6
2009,CESIA,SUFFOLK,F,5
2009,TESSA,SUFFOLK,F,8
2009,CESAR,SUFFOLK,M,8
2009,TEAGAN,SUFFOLK,F,6
2009,TAYLOR,SUFFOLK,F,22
2009,CECILIA,SUFFOLK,F,5
2009,TATIANA,SUFFOLK,F,15
2009,CAYDEN,SUFFOLK,M,5
2009,ALEXANDER,SUFFOLK,M,91
2009,SYDNEY,SUFFOLK,F,19
2009,MADISON,SUFFOLK,F,107
2009,BRETT,SUFFOLK,M,9
2009,SUMMER,SUFFOLK,F,10
2009,CATHERINE,SUFFOLK,F,13
2009,STEVEN,SUFFOLK,M,45
2009,MAEVE,SUFFOLK,F,8
2009,STEPHEN,SUFFOLK,M,14
2009,STEPHANIE,SUFFOLK,F,27
2009,MAGGIE,SUFFOLK,F,8
2009,BRIANNA,SUFFOLK,F,66
2009,CASSIDY,SUFFOLK,F,12
2009,STELLA,SUFFOLK,F,8
2009,CASSANDRA,SUFFOLK,F,10
2009,ALAN,SUFFOLK,M,6
2009,MAKAYLA,SUFFOLK,F,15
2009,SPENCER,SUFFOLK,M,5
2009,SOPHIE,SUFFOLK,F,18
2009,CASEY,SUFFOLK,F,9
2009,BIANCA,SUFFOLK,F,17
2009,MALACHI,SUFFOLK,M,9
2009,SOPHIA,SUFFOLK,F,111
2009,ALESSIA,SUFFOLK,F,5
2009,ALESSANDRA,SUFFOLK,F,5
2009,SOFIA,SUFFOLK,F,48
2009,MANUEL,SUFFOLK,M,10
2009,ALEX,SUFFOLK,M,38
2009,SKYLAR,SUFFOLK,F,13
2009,MARCO,SUFFOLK,M,8
2009,CARTER,SUFFOLK,M,17
2009,SIERRA,SUFFOLK,F,11
2009,BLAKE,SUFFOLK,M,14
2009,MARCUS,SUFFOLK,M,16
2009,SIENNA,SUFFOLK,F,19
2009,MARGARET,SUFFOLK,F,5
2009,NINA,SUFFOLK,F,7
2009,NIKOLAS,SUFFOLK,M,7
2009,MARIA,SUFFOLK,F,19
2009,MOLLY,SUFFOLK,F,21
2009,SHAYLA,SUFFOLK,F,6
2009,MARIAH,SUFFOLK,F,6
2009,SHAWN,SUFFOLK,M,8
2009,SHAUN,SUFFOLK,M,6
2009,SHANNON,SUFFOLK,F,8
2009,SHANE,SUFFOLK,M,22
2009,CAROLINE,SUFFOLK,F,12
2009,MARIANA,SUFFOLK,F,6
2009,SETH,SUFFOLK,M,6
2009,SERENITY,SUFFOLK,F,7
2009,MARILYN,SUFFOLK,F,8
2009,SERENA,SUFFOLK,F,5
2009,MARIO,SUFFOLK,M,6
2009,NAOMI,SUFFOLK,F,13
2009,CAROLINA,SUFFOLK,F,6
2009,ABRAHAM,SUFFOLK,M,5
2009,MARISSA,SUFFOLK,F,15
2009,SEBASTIAN,SUFFOLK,M,30
2009,CARMINE,SUFFOLK,M,7
2009,CARLY,SUFFOLK,F,13
2009,MARK,SUFFOLK,M,10
2009,BRODY,SUFFOLK,M,24
2009,NICOLETTE,SUFFOLK,F,7
2009,SEAN,SUFFOLK,M,51
2009,SCOTT,SUFFOLK,M,10
2009,BRADEN,SUFFOLK,M,6
2009,SCARLETT,SUFFOLK,F,8
2009,MARTIN,SUFFOLK,M,10
2009,NICOLE,SUFFOLK,F,33
2009,MARVIN,SUFFOLK,M,8
2009,SAVANNAH,SUFFOLK,F,16
2009,CARLOS,SUFFOLK,M,27
2009,SASHA,SUFFOLK,F,5
2009,MARY,SUFFOLK,F,10
2009,MONICA,SUFFOLK,F,9
2009,SARAH,SUFFOLK,F,46
2009,CARA,SUFFOLK,F,6
2009,CAMRYN,SUFFOLK,F,5
2009,SARA,SUFFOLK,F,15
2009,ALANA,SUFFOLK,F,8
2009,BRADY,SUFFOLK,M,22
2009,MASON,SUFFOLK,M,32
2009,NICOLAS,SUFFOLK,M,14
2009,NICO,SUFFOLK,M,16
2009,NICKOLAS,SUFFOLK,M,5
2009,SANTINO,SUFFOLK,M,6
2009,SANTIAGO,SUFFOLK,M,11
2009,SANDRA,SUFFOLK,F,6
2009,SAMUEL,SUFFOLK,M,35
2009,CAMILA,SUFFOLK,F,12
2009,MATEO,SUFFOLK,M,8
2009,NICHOLAS,SUFFOLK,M,132
2009,MATHEW,SUFFOLK,M,7
2009,SAMANTHA,SUFFOLK,F,92
2009,SALVATORE,SUFFOLK,M,11
2009,SAGE,SUFFOLK,F,5
2009,MATTEO,SUFFOLK,M,9
2009,SADIE,SUFFOLK,F,9
2009,SABRINA,SUFFOLK,F,19
2009,RYLEIGH,SUFFOLK,F,6
2009,CAMERON,SUFFOLK,F,8
2009,RYDER,SUFFOLK,M,9
2009,CAMERON,SUFFOLK,M,19
2009,RYAN,SUFFOLK,M,148
2009,NATALIA,SUFFOLK,F,22
2009,MATTHEW,SUFFOLK,M,154
2009,MORGAN,SUFFOLK,F,14
2009,BRANDON,SUFFOLK,M,67
2009,MAX,SUFFOLK,M,29
2009,RONALD,SUFFOLK,M,5
2009,MAXIMUS,SUFFOLK,M,10
2009,ROBERT,SUFFOLK,M,47
2009,MAXWELL,SUFFOLK,M,9
2009,JENNIFER,SUFFOLK,F,21
2009,ARIANA,SUFFOLK,F,19
2009,JENNA,SUFFOLK,F,20
2009,JEFFREY,SUFFOLK,M,17
2009,JEREMIAH,SUFFOLK,M,25
2009,RILEY,SUFFOLK,F,20
2009,JEFFERSON,SUFFOLK,M,7
2009,JAYSON,SUFFOLK,M,16
2009,JAYLIN,SUFFOLK,F,5
2009,JAYLENE,SUFFOLK,F,5
2009,JAYLEN,SUFFOLK,M,5
2009,JEREMY,SUFFOLK,M,21
2009,BRIELLE,SUFFOLK,F,8
2009,JAYLA,SUFFOLK,F,9
2009,JESSE,SUFFOLK,M,15
2009,JAYDEN,SUFFOLK,M,108
2009,JAYDA,SUFFOLK,F,5
2009,ANTONIO,SUFFOLK,M,25
2009,JESSICA,SUFFOLK,F,16
2009,RILEY,SUFFOLK,M,10
2009,JAXON,SUFFOLK,M,5
2009,JAVIER,SUFFOLK,M,8
2009,JASON,SUFFOLK,M,66
2009,JESUS,SUFFOLK,M,5
2009,JILLIAN,SUFFOLK,F,12
2009,JIMMY,SUFFOLK,M,7
2009,JASMINE,SUFFOLK,F,21
2009,JOAQUIN,SUFFOLK,M,5
2009,JASMIN,SUFFOLK,F,7
2009,JARED,SUFFOLK,M,8
2009,ARIANNA,SUFFOLK,F,39
2009,MAYA,SUFFOLK,F,21
2009,JOCELYN,SUFFOLK,F,21
2009,JAMIE,SUFFOLK,F,10
2009,JAMESON,SUFFOLK,M,8
2009,CALEB,SUFFOLK,M,8
2009,JOEL,SUFFOLK,M,9
2009,JAMES,SUFFOLK,M,110
2009,ANTHONY,SUFFOLK,M,182
2009,JAKE,SUFFOLK,M,80
2009,JAIME,SUFFOLK,M,7
2009,AIDAN,SUFFOLK,M,54
2009,JOHN,SUFFOLK,M,103
2009,JAIDEN,SUFFOLK,M,12
2009,JAELYN,SUFFOLK,F,6
2009,JADEN,SUFFOLK,M,15
2009,ARIEL,SUFFOLK,M,5
2009,JADE,SUFFOLK,F,5
2009,RICHARD,SUFFOLK,M,25
2009,JADA,SUFFOLK,F,13
2009,JONAH,SUFFOLK,M,5
2009,BRAYAN,SUFFOLK,M,8
2009,JACQUELINE,SUFFOLK,F,12
2009,JACOB,SUFFOLK,M,76
2009,RICARDO,SUFFOLK,M,5
2009,JONATHAN,SUFFOLK,M,62
2009,MEGAN,SUFFOLK,F,27
2009,BRIDGET,SUFFOLK,F,10
2009,ANNABELLE,SUFFOLK,F,7
2009,JACLYN,SUFFOLK,F,5
2009,JACKSON,SUFFOLK,M,25
2009,ARIELLE,SUFFOLK,F,5
2009,JACK,SUFFOLK,M,99
2009,REESE,SUFFOLK,F,8
2009,JORDAN,SUFFOLK,F,5
2009,JORDAN,SUFFOLK,M,35
2009,MEGHAN,SUFFOLK,F,10
2009,ANNA,SUFFOLK,F,29
2009,JORDYN,SUFFOLK,F,11
2009,REBECCA,SUFFOLK,F,18
2009,IVAN,SUFFOLK,M,7
2009,JORGE,SUFFOLK,M,8
2009,ISLA,SUFFOLK,F,7
2009,ISAIAH,SUFFOLK,M,15
2009,JOSE,SUFFOLK,M,23
2009,ISABELLE,SUFFOLK,F,13
2009,ANIYAH,SUFFOLK,F,5
2009,ISABELLA,SUFFOLK,F,144
2009,ADRIANNA,SUFFOLK,F,18
2009,ANGIE,SUFFOLK,F,7
2009,ISABEL,SUFFOLK,F,5
2009,JOSEPH,SUFFOLK,M,147
2009,REAGAN,SUFFOLK,F,7
2009,RAYMOND,SUFFOLK,M,5
2009,RAPHAEL,SUFFOLK,M,5
2009,ALEC,SUFFOLK,M,5
2009,ISAAC,SUFFOLK,M,14
2009,ANGELO,SUFFOLK,M,15
2009,IAN,SUFFOLK,M,15
2009,JOSEPHINE,SUFFOLK,F,7
2009,MELANIE,SUFFOLK,F,13
2009,HUNTER,SUFFOLK,M,25
2009,ANGELINA,SUFFOLK,F,41
2009,HOPE,SUFFOLK,F,7
2009,HOLLY,SUFFOLK,F,6
2009,JOSHUA,SUFFOLK,M,68
2009,RANDY,SUFFOLK,M,7
2009,HENRY,SUFFOLK,M,20
2009,HEIDI,SUFFOLK,F,7
2009,HECTOR,SUFFOLK,M,6
2008,AALIYAH,SUFFOLK,F,9
2008,AARON,SUFFOLK,M,32
2008,ABBY,SUFFOLK,F,10
2008,ABIGAIL,SUFFOLK,F,74
2008,ABRAHAM,SUFFOLK,M,6
2008,ADAM,SUFFOLK,M,19
2008,ADDISON,SUFFOLK,F,21
2008,ADRIAN,SUFFOLK,M,14
2008,ADRIANA,SUFFOLK,F,11
2008,ADRIANNA,SUFFOLK,F,19
2008,AIDAN,SUFFOLK,M,82
2008,AIDEN,SUFFOLK,M,52
2008,ALAINA,SUFFOLK,F,7
2008,ALAN,SUFFOLK,M,11
2008,ALANA,SUFFOLK,F,9
2008,ALAYNA,SUFFOLK,F,5
2008,ALEJANDRA,SUFFOLK,F,5
2008,ALEJANDRO,SUFFOLK,M,8
2008,ALESSANDRA,SUFFOLK,F,7
2008,ALEX,SUFFOLK,M,47
2008,ALEXA,SUFFOLK,F,44
2008,ALEXANDER,SUFFOLK,M,115
2008,ALEXANDRA,SUFFOLK,F,52
2008,ALEXIA,SUFFOLK,F,5
2008,ALEXIS,SUFFOLK,M,7
2008,ALEXIS,SUFFOLK,F,29
2008,ALINA,SUFFOLK,F,8
2008,ALISON,SUFFOLK,F,13
2008,ALLISON,SUFFOLK,F,34
2008,ALLISSON,SUFFOLK,F,5
2008,ALYSSA,SUFFOLK,F,48
2008,AMANDA,SUFFOLK,F,34
2008,AMAYA,SUFFOLK,F,8
2008,AMBER,SUFFOLK,F,13
2008,AMELIA,SUFFOLK,F,20
2008,AMIR,SUFFOLK,M,7
2008,AMY,SUFFOLK,F,23
2008,ANA,SUFFOLK,F,12
2008,ANASTASIA,SUFFOLK,F,8
2008,ANDERSON,SUFFOLK,M,10
2008,ANDREA,SUFFOLK,F,18
2008,ANDRES,SUFFOLK,M,7
2008,ANDREW,SUFFOLK,M,101
2008,ANDY,SUFFOLK,M,14
2008,ANGEL,SUFFOLK,F,6
2008,ANGEL,SUFFOLK,M,30
2008,ANGELA,SUFFOLK,F,15
2008,ANGELICA,SUFFOLK,F,11
2008,ANGELINA,SUFFOLK,F,53
2008,ANGELO,SUFFOLK,M,8
2008,ANGIE,SUFFOLK,F,10
2008,ANIYAH,SUFFOLK,F,5
2008,ANNA,SUFFOLK,F,30
2008,ANNABELLE,SUFFOLK,F,8
2008,ANNE,SUFFOLK,F,5
2008,ANNIE,SUFFOLK,F,5
2008,ANTHONY,SUFFOLK,M,218
2008,ANTONIA,SUFFOLK,F,5
2008,ANTONIO,SUFFOLK,M,34
2008,ARIANA,SUFFOLK,F,21
2008,ARIANNA,SUFFOLK,F,33
2008,ARIEL,SUFFOLK,F,8
2008,ARIEL,SUFFOLK,M,6
2008,ASHLEY,SUFFOLK,F,72
2008,ASHLY,SUFFOLK,F,9
2008,ASHLYN,SUFFOLK,F,6
2008,AUBREY,SUFFOLK,F,10
2008,AUDREY,SUFFOLK,F,9
2008,AUSTIN,SUFFOLK,M,17
2008,AVA,SUFFOLK,F,142
2008,AVERY,SUFFOLK,F,18
2008,AVERY,SUFFOLK,M,7
2008,AYAAN,SUFFOLK,M,7
2008,AYDEN,SUFFOLK,M,15
2008,BAILEY,SUFFOLK,F,6
2008,BELLA,SUFFOLK,F,9
2008,BENJAMIN,SUFFOLK,M,44
2008,BETHANY,SUFFOLK,F,5
2008,BIANCA,SUFFOLK,F,19
2008,BLAKE,SUFFOLK,M,15
2008,BRADEN,SUFFOLK,M,5
2008,BRADLEY,SUFFOLK,M,8
2008,BRADY,SUFFOLK,M,27
2008,BRANDON,SUFFOLK,M,75
2008,BRAYAN,SUFFOLK,M,5
2008,BRAYDEN,SUFFOLK,M,18
2008,BREANNA,SUFFOLK,F,9
2008,BRENDA,SUFFOLK,F,8
2008,BRENDAN,SUFFOLK,M,27
2008,BRENNAN,SUFFOLK,M,8
2008,BRETT,SUFFOLK,M,9
2008,BRIAN,SUFFOLK,M,45
2008,BRIANA,SUFFOLK,F,19
2008,BRIANNA,SUFFOLK,F,71
2008,BRIDGET,SUFFOLK,F,5
2008,BRITNEY,SUFFOLK,F,5
2008,BRITTANY,SUFFOLK,F,6
2008,BRODY,SUFFOLK,M,26
2008,BROOKE,SUFFOLK,F,39
2008,BRYAN,SUFFOLK,M,36
2008,BRYCE,SUFFOLK,M,8
2008,CADEN,SUFFOLK,M,5
2008,CAITLIN,SUFFOLK,F,20
2008,CAITLYN,SUFFOLK,F,10
2008,CALEB,SUFFOLK,M,14
2008,CALLIE,SUFFOLK,F,5
2008,CAMERON,SUFFOLK,M,24
2008,CAMERON,SUFFOLK,F,6
2008,CAMILA,SUFFOLK,F,16
2008,CAMRYN,SUFFOLK,F,15
2008,CARA,SUFFOLK,F,7
2008,CARINA,SUFFOLK,F,5
2008,CARLOS,SUFFOLK,M,23
2008,CARLY,SUFFOLK,F,14
2008,CARMINE,SUFFOLK,M,7
2008,CAROLINA,SUFFOLK,F,5
2008,CAROLINE,SUFFOLK,F,14
2008,CARSON,SUFFOLK,M,5
2008,CARTER,SUFFOLK,M,6
2008,CASEY,SUFFOLK,F,13
2008,CASSANDRA,SUFFOLK,F,8
2008,CASSIDY,SUFFOLK,F,11
2008,CATHERINE,SUFFOLK,F,21
2008,CAYDEN,SUFFOLK,M,5
2008,CAYLEE,SUFFOLK,F,5
2008,CECILIA,SUFFOLK,F,6
2008,CESAR,SUFFOLK,M,11
2008,CHARLES,SUFFOLK,M,26
2008,CHARLIE,SUFFOLK,M,6
2008,CHARLOTTE,SUFFOLK,F,22
2008,CHASE,SUFFOLK,M,33
2008,CHELSEA,SUFFOLK,F,14
2008,CHLOE,SUFFOLK,F,32
2008,CHRIS,SUFFOLK,M,6
2008,CHRISTIAN,SUFFOLK,M,100
2008,CHRISTINA,SUFFOLK,F,14
2008,CHRISTINE,SUFFOLK,F,5
2008,CHRISTOPHER,SUFFOLK,M,172
2008,CIARA,SUFFOLK,F,5
2008,CINDY,SUFFOLK,F,8
2008,CLAIRE,SUFFOLK,F,6
2008,CODY,SUFFOLK,M,7
2008,COLBY,SUFFOLK,M,6
2008,COLE,SUFFOLK,M,27
2008,COLIN,SUFFOLK,M,35
2008,COLLIN,SUFFOLK,M,21
2008,CONNOR,SUFFOLK,M,43
2008,COOPER,SUFFOLK,M,10
2008,COREY,SUFFOLK,M,5
2008,COURTNEY,SUFFOLK,F,7
2008,CRISTIAN,SUFFOLK,M,24
2008,CRISTOPHER,SUFFOLK,M,6
2008,CRYSTAL,SUFFOLK,F,5
2008,CYNTHIA,SUFFOLK,F,6
2008,DAMARIS,SUFFOLK,F,5
2008,DAMIAN,SUFFOLK,M,6
2008,DAMIEN,SUFFOLK,M,8
2008,DANICA,SUFFOLK,F,7
2008,DANIEL,SUFFOLK,M,129
2008,DANIELA,SUFFOLK,F,26
2008,DANIELLA,SUFFOLK,F,17
2008,DANIELLE,SUFFOLK,F,14
2008,DANNA,SUFFOLK,F,9
2008,DANTE,SUFFOLK,M,8
2008,DARIUS,SUFFOLK,M,5
2008,DARWIN,SUFFOLK,M,6
2008,DAVID,SUFFOLK,M,76
2008,DAYANA,SUFFOLK,F,8
2008,DEAN,SUFFOLK,M,10
2008,DEANNA,SUFFOLK,F,5
2008,DECLAN,SUFFOLK,M,6
2008,DELANEY,SUFFOLK,F,10
2008,DENNIS,SUFFOLK,M,9
2008,DEREK,SUFFOLK,M,23
2008,DESTINY,SUFFOLK,F,24
2008,DEVIN,SUFFOLK,M,25
2008,DEVON,SUFFOLK,M,5
2008,DIANA,SUFFOLK,F,19
2008,DIEGO,SUFFOLK,M,17
2008,DILLON,SUFFOLK,M,6
2008,DOMINIC,SUFFOLK,M,31
2008,DOMINICK,SUFFOLK,M,21
2008,DONOVAN,SUFFOLK,M,9
2008,DOUGLAS,SUFFOLK,M,10
2008,DREW,SUFFOLK,M,11
2008,DULCE,SUFFOLK,F,5
2008,DYLAN,SUFFOLK,M,90
2008,EDUARDO,SUFFOLK,M,7
2008,EDWARD,SUFFOLK,M,20
2008,EDWIN,SUFFOLK,M,16
2008,ELENA,SUFFOLK,F,8
2008,ELI,SUFFOLK,M,8
2008,ELIANA,SUFFOLK,F,5
2008,ELIJAH,SUFFOLK,M,37
2008,ELIZABETH,SUFFOLK,F,57
2008,ELLA,SUFFOLK,F,40
2008,ELLIE,SUFFOLK,F,6
2008,EMANUEL,SUFFOLK,M,9
2008,EMELY,SUFFOLK,F,9
2008,EMERSON,SUFFOLK,M,7
2008,EMERSON,SUFFOLK,F,7
2008,EMILIA,SUFFOLK,F,5
2008,EMILY,SUFFOLK,F,105
2008,EMMA,SUFFOLK,F,113
2008,EMMANUEL,SUFFOLK,M,5
2008,ERIC,SUFFOLK,M,27
2008,ERICK,SUFFOLK,M,18
2008,ERIK,SUFFOLK,M,14
2008,ERIKA,SUFFOLK,F,9
2008,ERIN,SUFFOLK,F,22
2008,ESMERALDA,SUFFOLK,F,5
2008,ESTEBAN,SUFFOLK,M,9
2008,ETHAN,SUFFOLK,M,53
2008,EVA,SUFFOLK,F,13
2008,EVAN,SUFFOLK,M,40
2008,EVELYN,SUFFOLK,F,13
2008,FAITH,SUFFOLK,F,11
2008,FERNANDO,SUFFOLK,M,13
2008,FINN,SUFFOLK,M,8
2008,FIONA,SUFFOLK,F,9
2008,FRANCESCA,SUFFOLK,F,8
2008,FRANCISCO,SUFFOLK,M,6
2008,FRANK,SUFFOLK,M,29
2008,FRANKLIN,SUFFOLK,M,7
2008,FREDERICK,SUFFOLK,M,5
2008,GABRIEL,SUFFOLK,M,52
2008,GABRIELA,SUFFOLK,F,21
2008,GABRIELLA,SUFFOLK,F,66
2008,GABRIELLE,SUFFOLK,F,18
2008,GARRETT,SUFFOLK,M,8
2008,GAVIN,SUFFOLK,M,65
2008,GENESIS,SUFFOLK,F,29
2008,GEORGE,SUFFOLK,M,15
2008,GIA,SUFFOLK,F,7
2008,GIANA,SUFFOLK,F,7
2008,GIANNA,SUFFOLK,F,78
2008,GIANNI,SUFFOLK,M,11
2008,GIAVANNA,SUFFOLK,F,7
2008,GINA,SUFFOLK,F,7
2008,GIOVANNA,SUFFOLK,F,13
2008,GIOVANNI,SUFFOLK,M,19
2008,GISELLE,SUFFOLK,F,8
2008,GIULIANA,SUFFOLK,F,10
2008,GRACE,SUFFOLK,F,56
2008,GRANT,SUFFOLK,M,7
2008,GREGORY,SUFFOLK,M,13
2008,GRIFFIN,SUFFOLK,M,10
2008,GUADALUPE,SUFFOLK,F,5
2008,HAILEY,SUFFOLK,F,37
2008,HANNA,SUFFOLK,F,5
2008,HANNAH,SUFFOLK,F,35
2008,HARRISON,SUFFOLK,M,11
2008,HAYDEN,SUFFOLK,F,10
2008,HAYDEN,SUFFOLK,M,5
2008,HAZEL,SUFFOLK,F,6
2008,HEATHER,SUFFOLK,F,5
2008,HECTOR,SUFFOLK,M,6
2008,HEIDI,SUFFOLK,F,6
2008,HENRY,SUFFOLK,M,19
2008,HOLLY,SUFFOLK,F,5
2008,HUDSON,SUFFOLK,M,5
2008,HUNTER,SUFFOLK,M,24
2008,IAN,SUFFOLK,M,15
2008,ISAAC,SUFFOLK,M,10
2008,ISABEL,SUFFOLK,F,8
2008,ISABELLA,SUFFOLK,F,153
2008,ISABELLE,SUFFOLK,F,10
2008,ISAIAH,SUFFOLK,M,16
2008,ISRAEL,SUFFOLK,M,5
2008,IZABELLA,SUFFOLK,F,6
2008,JACE,SUFFOLK,M,6
2008,JACK,SUFFOLK,M,125
2008,JACKSON,SUFFOLK,M,26
2008,JACOB,SUFFOLK,M,83
2008,JACQUELINE,SUFFOLK,F,16
2008,JADA,SUFFOLK,F,10
2008,JADE,SUFFOLK,F,11
2008,JADEN,SUFFOLK,M,15
2008,JAELYN,SUFFOLK,F,8
2008,JAIDEN,SUFFOLK,M,10
2008,JAIME,SUFFOLK,M,6
2008,JAKE,SUFFOLK,M,88
2008,JAMES,SUFFOLK,M,120
2008,JAMIE,SUFFOLK,F,10
2008,JANELLE,SUFFOLK,F,7
2008,JANIYA,SUFFOLK,F,5
2008,JARED,SUFFOLK,M,10
2008,JASLENE,SUFFOLK,F,12
2008,JASMIN,SUFFOLK,F,10
2008,JASMINE,SUFFOLK,F,26
2008,JASON,SUFFOLK,M,63
2008,JAVIER,SUFFOLK,M,10
2008,JAYDA,SUFFOLK,F,6
2008,JAYDEN,SUFFOLK,M,75
2008,JAYLA,SUFFOLK,F,21
2008,JAYLEN,SUFFOLK,M,6
2008,JAYLENE,SUFFOLK,F,5
2008,JAYLIN,SUFFOLK,F,7
2008,JAYSON,SUFFOLK,M,7
2008,JEFFERSON,SUFFOLK,M,6
2008,JEFFREY,SUFFOLK,M,15
2008,JENNA,SUFFOLK,F,26
2008,JENNIFER,SUFFOLK,F,23
2008,JENNY,SUFFOLK,F,5
2008,JEREMIAH,SUFFOLK,M,22
2008,JEREMY,SUFFOLK,M,21
2008,JERRY,SUFFOLK,M,5
2008,JESSE,SUFFOLK,M,14
2008,JESSICA,SUFFOLK,F,31
2008,JILLIAN,SUFFOLK,F,24
2008,JOANNA,SUFFOLK,F,10
2008,JOCELYN,SUFFOLK,F,14
2008,JOEL,SUFFOLK,M,18
2008,JOHAN,SUFFOLK,M,5
2008,JOHN,SUFFOLK,M,116
2008,JOHNATHAN,SUFFOLK,M,5
2008,JOHNNY,SUFFOLK,M,5
2008,JONAH,SUFFOLK,M,6
2008,JONATHAN,SUFFOLK,M,87
2008,JORDAN,SUFFOLK,F,11
2008,JORDAN,SUFFOLK,M,38
2008,JORDYN,SUFFOLK,F,10
2008,JORGE,SUFFOLK,M,7
2008,JOSE,SUFFOLK,M,40
2008,JOSELYN,SUFFOLK,F,5
2008,JOSEPH,SUFFOLK,M,167
2008,JOSHUA,SUFFOLK,M,91
2008,JOSIAH,SUFFOLK,M,14
2008,JOSUE,SUFFOLK,M,20
2008,JUAN,SUFFOLK,M,21
2008,JUDE,SUFFOLK,M,7
2008,JULIA,SUFFOLK,F,66
2008,JULIAN,SUFFOLK,M,24
2008,JULIANA,SUFFOLK,F,36
2008,JULIANNA,SUFFOLK,F,44
2008,JULIANNE,SUFFOLK,F,6
2008,JULIET,SUFFOLK,F,11
2008,JULIETTE,SUFFOLK,F,5
2008,JULISSA,SUFFOLK,F,6
2008,JUNIOR,SUFFOLK,M,6
2008,JUSTIN,SUFFOLK,M,91
2008,KADEN,SUFFOLK,M,5
2008,KAELYN,SUFFOLK,F,7
2008,KAI,SUFFOLK,M,12
2008,KAITLYN,SUFFOLK,F,52
2008,KALEIGH,SUFFOLK,F,5
2008,KALI,SUFFOLK,F,5
2008,KARA,SUFFOLK,F,5
2008,KAREN,SUFFOLK,F,11
2008,KARINA,SUFFOLK,F,6
2008,KARLA,SUFFOLK,F,8
2008,KATE,SUFFOLK,F,16
2008,KATELYN,SUFFOLK,F,15
2008,KATERINA,SUFFOLK,F,5
2008,KATHERINE,SUFFOLK,F,47
2008,KATHLEEN,SUFFOLK,F,10
2008,KATHRYN,SUFFOLK,F,7
2008,KATIE,SUFFOLK,F,18
2008,KAYLA,SUFFOLK,F,74
2008,KAYLEE,SUFFOLK,F,30
2008,KAYLIE,SUFFOLK,F,6
2008,KEEGAN,SUFFOLK,M,5
2008,KEIRA,SUFFOLK,F,33
2008,KEITH,SUFFOLK,M,6
2008,KELLY,SUFFOLK,F,14
2008,KELSEY,SUFFOLK,F,5
2008,KENNEDY,SUFFOLK,F,6
2008,KENNETH,SUFFOLK,M,21
2008,KENNY,SUFFOLK,M,8
2008,KEVIN,SUFFOLK,M,90
2008,KEYLA,SUFFOLK,F,5
2008,KHLOE,SUFFOLK,F,6
2008,KIARA,SUFFOLK,F,16
2008,KIERA,SUFFOLK,F,9
2008,KIERAN,SUFFOLK,M,13
2008,KIMBERLY,SUFFOLK,F,34
2008,KRISTEN,SUFFOLK,F,6
2008,KRISTIAN,SUFFOLK,M,5
2008,KYLE,SUFFOLK,M,32
2008,KYLEIGH,SUFFOLK,F,6
2008,KYLIE,SUFFOLK,F,15
2008,LAILA,SUFFOLK,F,10
2008,LANDON,SUFFOLK,M,12
2008,LAURA,SUFFOLK,F,11
2008,LAUREN,SUFFOLK,F,44
2008,LAYLA,SUFFOLK,F,13
2008,LEAH,SUFFOLK,F,31
2008,LEO,SUFFOLK,M,7
2008,LEONARDO,SUFFOLK,M,10
2008,LESLIE,SUFFOLK,F,10
2008,LEXI,SUFFOLK,F,6
2008,LIA,SUFFOLK,F,7
2008,LIAM,SUFFOLK,M,60
2008,LILA,SUFFOLK,F,10
2008,LILAH,SUFFOLK,F,7
2008,LILIANA,SUFFOLK,F,9
2008,LILLIAN,SUFFOLK,F,13
2008,LILLIANA,SUFFOLK,F,7
2008,LILLY,SUFFOLK,F,12
2008,LILY,SUFFOLK,F,44
2008,LINDSAY,SUFFOLK,F,8
2008,LOGAN,SUFFOLK,M,68
2008,LORENZO,SUFFOLK,M,7
2008,LOUIS,SUFFOLK,M,13
2008,LUCA,SUFFOLK,M,14
2008,LUCAS,SUFFOLK,M,58
2008,LUCIA,SUFFOLK,F,6
2008,LUCY,SUFFOLK,F,6
2008,LUIS,SUFFOLK,M,28
2008,LUKAS,SUFFOLK,M,5
2008,LUKE,SUFFOLK,M,52
2008,LYLA,SUFFOLK,F,6
2008,MACKENZIE,SUFFOLK,F,23
2008,MADELEINE,SUFFOLK,F,8
2008,MADELINE,SUFFOLK,F,27
2008,MADELYN,SUFFOLK,F,26
2008,MADISON,SUFFOLK,F,85
2008,MAEVE,SUFFOLK,F,8
2008,MAGGIE,SUFFOLK,F,5
2008,MAKAYLA,SUFFOLK,F,19
2008,MAKENNA,SUFFOLK,F,5
2008,MARC,SUFFOLK,M,6
2008,MARCO,SUFFOLK,M,7
2008,MARCOS,SUFFOLK,M,5
2008,MARCUS,SUFFOLK,M,10
2008,MARGARET,SUFFOLK,F,8
2008,MARIA,SUFFOLK,F,19
2008,MARIAH,SUFFOLK,F,6
2008,MARIANA,SUFFOLK,F,8
2008,MARILYN,SUFFOLK,F,9
2008,MARIO,SUFFOLK,M,9
2008,MARISSA,SUFFOLK,F,9
2008,MARK,SUFFOLK,M,14
2008,MARLEY,SUFFOLK,F,5
2008,MARTIN,SUFFOLK,M,5
2008,MARY,SUFFOLK,F,11
2008,MASON,SUFFOLK,M,24
2008,MATEO,SUFFOLK,M,8
2008,MATHEW,SUFFOLK,M,6
2008,MATTEO,SUFFOLK,M,11
2008,MATTHEW,SUFFOLK,M,176
2008,MAURICIO,SUFFOLK,M,5
2008,MAX,SUFFOLK,M,20
2008,MAXIMUS,SUFFOLK,M,10
2008,MAXWELL,SUFFOLK,M,15
2008,MAYA,SUFFOLK,F,18
2008,MCKENNA,SUFFOLK,F,5
2008,MEAGHAN,SUFFOLK,F,5
2008,MEGAN,SUFFOLK,F,23
2008,MEGHAN,SUFFOLK,F,13
2008,MELANIE,SUFFOLK,F,20
2008,MELANY,SUFFOLK,F,8
2008,MELISSA,SUFFOLK,F,16
2008,MELODY,SUFFOLK,F,6
2008,MELVIN,SUFFOLK,M,5
2008,MIA,SUFFOLK,F,55
2008,MICHAEL,SUFFOLK,M,191
2008,MICHAELA,SUFFOLK,F,10
2008,MICHELLE,SUFFOLK,F,18
2008,MIGUEL,SUFFOLK,M,12
2008,MIKAELA,SUFFOLK,F,8
2008,MIKAYLA,SUFFOLK,F,21
2008,MILES,SUFFOLK,M,10
2008,MILEY,SUFFOLK,F,8
2008,MOLLY,SUFFOLK,F,15
2008,MORGAN,SUFFOLK,F,19
2008,MYA,SUFFOLK,F,9
2008,NAOMI,SUFFOLK,F,9
2008,NATALIA,SUFFOLK,F,17
2008,NATALIE,SUFFOLK,F,43
2008,NATHALIE,SUFFOLK,F,7
2008,NATHAN,SUFFOLK,M,24
2008,NATHANIEL,SUFFOLK,M,19
2008,NELSON,SUFFOLK,M,8
2008,NEVAEH,SUFFOLK,F,11
2008,NICHOLAS,SUFFOLK,M,162
2008,NICO,SUFFOLK,M,6
2008,NICOLAS,SUFFOLK,M,22
2008,NICOLE,SUFFOLK,F,35
2008,NICOLETTE,SUFFOLK,F,8
2008,NIKOLAS,SUFFOLK,M,6
2008,NINA,SUFFOLK,F,9
2008,NOAH,SUFFOLK,M,42
2008,NOELLE,SUFFOLK,F,5
2008,NORA,SUFFOLK,F,6
2008,OLIVER,SUFFOLK,M,15
2008,OLIVIA,SUFFOLK,F,125
2008,OMAR,SUFFOLK,M,8
2008,OSCAR,SUFFOLK,M,15
2008,OWEN,SUFFOLK,M,26
2008,PAIGE,SUFFOLK,F,21
2008,PAOLA,SUFFOLK,F,7
2008,PARKER,SUFFOLK,M,10
2008,PATRICK,SUFFOLK,M,26
2008,PAUL,SUFFOLK,M,12
2008,PAYTON,SUFFOLK,F,9
2008,PETER,SUFFOLK,M,23
2008,PEYTON,SUFFOLK,M,7
2008,PEYTON,SUFFOLK,F,17
2008,PHILIP,SUFFOLK,M,7
2008,PIPER,SUFFOLK,F,6
2008,PRESTON,SUFFOLK,M,5
2008,PRISCILLA,SUFFOLK,F,5
2008,QUINN,SUFFOLK,M,9
2008,RACHEL,SUFFOLK,F,19
2008,RANDY,SUFFOLK,M,8
2008,RAQUEL,SUFFOLK,F,6
2008,RAYMOND,SUFFOLK,M,9
2008,REAGAN,SUFFOLK,F,6
2008,REBECCA,SUFFOLK,F,20
2008,REESE,SUFFOLK,F,11
2008,REESE,SUFFOLK,M,5
2008,RICHARD,SUFFOLK,M,19
2008,RILEY,SUFFOLK,F,28
2008,RILEY,SUFFOLK,M,10
2008,ROBERT,SUFFOLK,M,55
2008,ROBERTO,SUFFOLK,M,5
2008,ROCCO,SUFFOLK,M,6
2008,RONALD,SUFFOLK,M,7
2008,RONAN,SUFFOLK,M,6
2008,ROSE,SUFFOLK,F,6
2008,RUBY,SUFFOLK,F,8
2008,RYAN,SUFFOLK,M,155
2008,RYAN,SUFFOLK,F,7
2008,RYDER,SUFFOLK,M,5
2008,RYLEE,SUFFOLK,F,6
2008,SABRINA,SUFFOLK,F,22
2008,SADIE,SUFFOLK,F,8
2008,SALVATORE,SUFFOLK,M,8
2008,SAM,SUFFOLK,M,8
2008,SAMANTHA,SUFFOLK,F,78
2008,SAMUEL,SUFFOLK,M,31
2008,SARA,SUFFOLK,F,16
2008,SARAH,SUFFOLK,F,50
2008,SARAI,SUFFOLK,F,6
2008,SASHA,SUFFOLK,F,6
2008,SAVANNAH,SUFFOLK,F,17
2008,SCARLETT,SUFFOLK,F,11
2008,SEAN,SUFFOLK,M,64
2008,SEBASTIAN,SUFFOLK,M,23
2008,SERENA,SUFFOLK,F,6
2008,SERGIO,SUFFOLK,M,8
2008,SHANE,SUFFOLK,M,17
2008,SHANNON,SUFFOLK,F,11
2008,SHAUN,SUFFOLK,M,5
2008,SHAWN,SUFFOLK,M,9
2008,SHELBY,SUFFOLK,F,6
2008,SIENA,SUFFOLK,F,6
2008,SIENNA,SUFFOLK,F,10
2008,SIERRA,SUFFOLK,F,5
2008,SKYLAR,SUFFOLK,F,13
2008,SKYLER,SUFFOLK,M,5
2008,SOFIA,SUFFOLK,F,45
2008,SOPHIA,SUFFOLK,F,119
2008,SOPHIE,SUFFOLK,F,16
2008,SPENCER,SUFFOLK,M,11
2008,STELLA,SUFFOLK,F,5
2008,STEPHANIE,SUFFOLK,F,29
2008,STEPHEN,SUFFOLK,M,21
2008,STEVEN,SUFFOLK,M,44
2008,SUMMER,SUFFOLK,F,6
2008,SYDNEY,SUFFOLK,F,25
2008,TATIANA,SUFFOLK,F,9
2008,TAYLOR,SUFFOLK,F,30
2008,TESSA,SUFFOLK,F,5
2008,THOMAS,SUFFOLK,M,100
2008,TIFFANY,SUFFOLK,F,9
2008,TIMOTHY,SUFFOLK,M,30
2008,TRAVIS,SUFFOLK,M,6
2008,TREVOR,SUFFOLK,M,10
2008,TREY,SUFFOLK,M,5
2008,TRINITY,SUFFOLK,F,8
2008,TRISTAN,SUFFOLK,M,30
2008,TYLER,SUFFOLK,M,81
2008,VALENTINA,SUFFOLK,F,19
2008,VALERIA,SUFFOLK,F,6
2008,VALERIE,SUFFOLK,F,5
2008,VANESSA,SUFFOLK,F,32
2008,VERONICA,SUFFOLK,F,12
2008,VICTOR,SUFFOLK,M,14
2008,VICTORIA,SUFFOLK,F,52
2008,VINCENT,SUFFOLK,M,29
2008,VIOLET,SUFFOLK,F,8
2008,WILLIAM,SUFFOLK,M,74
2008,WILMER,SUFFOLK,M,5
2008,WILSON,SUFFOLK,M,5
2008,XAVIER,SUFFOLK,M,18
2008,ZACHARY,SUFFOLK,M,48
2008,ZOE,SUFFOLK,F,11
2008,ZOEY,SUFFOLK,F,5
2007,XAVIER,SUFFOLK,M,25
2007,ZACKARY,SUFFOLK,M,6
2007,ABBY,SUFFOLK,F,7
2007,WYATT,SUFFOLK,M,5
2007,WILLIAM,SUFFOLK,M,89
2007,AARON,SUFFOLK,M,29
2007,ZOE,SUFFOLK,F,14
2007,VIVIAN,SUFFOLK,F,5
2007,VIOLET,SUFFOLK,F,7
2007,VINCENT,SUFFOLK,M,51
2007,ZOEY,SUFFOLK,F,6
2007,AALIYAH,SUFFOLK,F,14
2007,VICTORIA,SUFFOLK,F,59
2007,VICTOR,SUFFOLK,M,13
2007,VERONICA,SUFFOLK,F,7
2007,VANESSA,SUFFOLK,F,22
2007,VALERIE,SUFFOLK,F,11
2007,VALERIA,SUFFOLK,F,10
2007,VALENTINA,SUFFOLK,F,9
2007,TYLER,SUFFOLK,M,94
2007,TROY,SUFFOLK,M,7
2007,TRISTAN,SUFFOLK,M,19
2007,TRINITY,SUFFOLK,F,13
2007,TREVOR,SUFFOLK,M,12
2007,TRAVIS,SUFFOLK,M,7
2007,TIMOTHY,SUFFOLK,M,19
2007,TIFFANY,SUFFOLK,F,10
2007,THOMAS,SUFFOLK,M,109
2007,THERESA,SUFFOLK,F,5
2007,THEODORE,SUFFOLK,M,7
2007,TESSA,SUFFOLK,F,10
2007,TAYLOR,SUFFOLK,F,21
2007,TATIANA,SUFFOLK,F,8
2007,SYDNEY,SUFFOLK,F,23
2007,SUMMER,SUFFOLK,F,9
2007,STEVEN,SUFFOLK,M,53
2007,STEPHEN,SUFFOLK,M,21
2007,STEPHANIE,SUFFOLK,F,37
2007,SPENCER,SUFFOLK,M,6
2007,SOPHIE,SUFFOLK,F,13
2007,SOPHIA,SUFFOLK,F,144
2007,SOFIA,SUFFOLK,F,48
2007,SKYLER,SUFFOLK,F,5
2007,SKYLAR,SUFFOLK,F,10
2007,SIERRA,SUFFOLK,F,6
2007,SIENNA,SUFFOLK,F,15
2007,SHELBY,SUFFOLK,F,5
2007,SHAYNA,SUFFOLK,F,6
2007,SHAYLA,SUFFOLK,F,5
2007,SHAWN,SUFFOLK,M,9
2007,SHANNON,SUFFOLK,F,14
2007,SHANE,SUFFOLK,M,18
2007,SERENITY,SUFFOLK,F,5
2007,SEBASTIAN,SUFFOLK,M,25
2007,SEAN,SUFFOLK,M,74
2007,SCOTT,SUFFOLK,M,6
2007,SCARLETT,SUFFOLK,F,8
2007,SAVANNAH,SUFFOLK,F,24
2007,SASHA,SUFFOLK,F,8
2007,SARAI,SUFFOLK,F,7
2007,SARAH,SUFFOLK,F,64
2007,SARA,SUFFOLK,F,23
2007,SANTIAGO,SUFFOLK,M,6
2007,SAMUEL,SUFFOLK,M,44
2007,SAMARA,SUFFOLK,F,5
2007,SAMANTHA,SUFFOLK,F,96
2007,SALVATORE,SUFFOLK,M,17
2007,SADIE,SUFFOLK,F,13
2007,SABRINA,SUFFOLK,F,18
2007,RYLEIGH,SUFFOLK,F,5
2007,RYLEE,SUFFOLK,F,5
2007,RYAN,SUFFOLK,M,159
2007,RYAN,SUFFOLK,F,10
2007,RUTH,SUFFOLK,F,5
2007,RUBY,SUFFOLK,F,6
2007,ROWAN,SUFFOLK,M,5
2007,ROSA,SUFFOLK,F,5
2007,RONALD,SUFFOLK,M,7
2007,ROMAN,SUFFOLK,M,6
2007,RODRIGO,SUFFOLK,M,6
2007,ROCCO,SUFFOLK,M,7
2007,ROBERT,SUFFOLK,M,72
2007,RILEY,SUFFOLK,M,12
2007,RILEY,SUFFOLK,F,27
2007,RICHARD,SUFFOLK,M,32
2007,REESE,SUFFOLK,F,13
2007,REBECCA,SUFFOLK,F,17
2007,RAYMOND,SUFFOLK,M,20
2007,RAQUEL,SUFFOLK,F,5
2007,RAFAEL,SUFFOLK,M,6
2007,RACHEL,SUFFOLK,F,20
2007,RACHAEL,SUFFOLK,F,6
2007,PRESTON,SUFFOLK,M,6
2007,PIPER,SUFFOLK,F,5
2007,PHILIP,SUFFOLK,M,9
2007,PEYTON,SUFFOLK,M,6
2007,PEYTON,SUFFOLK,F,6
2007,PETER,SUFFOLK,M,39
2007,PERLA,SUFFOLK,F,5
2007,PENELOPE,SUFFOLK,F,5
2007,PAYTON,SUFFOLK,F,10
2007,PAUL,SUFFOLK,M,21
2007,PATRICK,SUFFOLK,M,44
2007,PARKER,SUFFOLK,M,8
2007,PAIGE,SUFFOLK,F,13
2007,OWEN,SUFFOLK,M,29
2007,OSCAR,SUFFOLK,M,17
2007,OMAR,SUFFOLK,M,8
2007,OLIVIA,SUFFOLK,F,126
2007,OLIVER,SUFFOLK,M,13
2007,NORA,SUFFOLK,F,5
2007,NOLAN,SUFFOLK,M,10
2007,NOAH,SUFFOLK,M,44
2007,NINA,SUFFOLK,F,10
2007,NICOLETTE,SUFFOLK,F,13
2007,NICOLE,SUFFOLK,F,39
2007,NICOLAS,SUFFOLK,M,22
2007,NICO,SUFFOLK,M,5
2007,NICHOLAS,SUFFOLK,M,163
2007,NEVAEH,SUFFOLK,F,14
2007,NELSON,SUFFOLK,M,7
2007,NAYELI,SUFFOLK,F,6
2007,NATHANIEL,SUFFOLK,M,19
2007,NATHAN,SUFFOLK,M,19
2007,NATALIE,SUFFOLK,F,40
2007,NATALIA,SUFFOLK,F,14
2007,NAOMI,SUFFOLK,F,9
2007,NADIA,SUFFOLK,F,6
2007,MYA,SUFFOLK,F,12
2007,MORGAN,SUFFOLK,F,24
2007,MOLLY,SUFFOLK,F,19
2007,MIKAYLA,SUFFOLK,F,12
2007,MIKAELA,SUFFOLK,F,7
2007,MIGUEL,SUFFOLK,M,12
2007,MICHELLE,SUFFOLK,F,23
2007,MICHAELA,SUFFOLK,F,15
2007,MICHAEL,SUFFOLK,M,218
2007,MIA,SUFFOLK,F,64
2007,MELVIN,SUFFOLK,M,5
2007,MELISSA,SUFFOLK,F,12
2007,MELINA,SUFFOLK,F,5
2007,MELANIE,SUFFOLK,F,21
2007,MEGHAN,SUFFOLK,F,18
2007,MEGAN,SUFFOLK,F,21
2007,MCKENNA,SUFFOLK,F,5
2007,MAYA,SUFFOLK,F,27
2007,MAXWELL,SUFFOLK,M,13
2007,MAX,SUFFOLK,M,19
2007,MATTHEW,SUFFOLK,M,158
2007,MATTEO,SUFFOLK,M,7
2007,MATHEW,SUFFOLK,M,5
2007,MASSIMO,SUFFOLK,M,6
2007,MASON,SUFFOLK,M,32
2007,MARY,SUFFOLK,F,8
2007,MARVIN,SUFFOLK,M,10
2007,MARK,SUFFOLK,M,12
2007,MARISSA,SUFFOLK,F,14
2007,MARISA,SUFFOLK,F,7
2007,MARIO,SUFFOLK,M,9
2007,MARILYN,SUFFOLK,F,6
2007,MARIANNA,SUFFOLK,F,5
2007,MARIANA,SUFFOLK,F,9
2007,MARIA,SUFFOLK,F,19
2007,MARGARET,SUFFOLK,F,7
2007,MARCUS,SUFFOLK,M,12
2007,MARCO,SUFFOLK,M,12
2007,MARC,SUFFOLK,M,7
2007,MANUEL,SUFFOLK,M,5
2007,MALACHI,SUFFOLK,M,5
2007,MAKAYLA,SUFFOLK,F,18
2007,MAGGIE,SUFFOLK,F,10
2007,MADISON,SUFFOLK,F,106
2007,MADELYN,SUFFOLK,F,17
2007,MADELINE,SUFFOLK,F,32
2007,MADELEINE,SUFFOLK,F,7
2007,MACKENZIE,SUFFOLK,F,29
2007,LYLA,SUFFOLK,F,8
2007,LUKE,SUFFOLK,M,63
2007,LUKAS,SUFFOLK,M,5
2007,LUIS,SUFFOLK,M,28
2007,LUCY,SUFFOLK,F,9
2007,LUCAS,SUFFOLK,M,65
2007,LUCA,SUFFOLK,M,14
2007,LOUIS,SUFFOLK,M,7
2007,LORENZO,SUFFOLK,M,10
2007,LOLA,SUFFOLK,F,9
2007,LOGAN,SUFFOLK,M,69
2007,LIZ,SUFFOLK,F,6
2007,LINDSEY,SUFFOLK,F,9
2007,LINDSAY,SUFFOLK,F,10
2007,LINDA,SUFFOLK,F,7
2007,LINCOLN,SUFFOLK,M,5
2007,LILY,SUFFOLK,F,55
2007,LILLY,SUFFOLK,F,7
2007,LILLIAN,SUFFOLK,F,12
2007,LILIANA,SUFFOLK,F,14
2007,LILA,SUFFOLK,F,8
2007,LIAM,SUFFOLK,M,47
2007,LIA,SUFFOLK,F,5
2007,LESLIE,SUFFOLK,F,5
2007,LEONARDO,SUFFOLK,M,8
2007,LEILA,SUFFOLK,F,10
2007,LEAH,SUFFOLK,F,28
2007,LEA,SUFFOLK,F,7
2007,LAYLA,SUFFOLK,F,11
2007,LAUREN,SUFFOLK,F,37
2007,LANDON,SUFFOLK,M,11
2007,LANA,SUFFOLK,F,6
2007,LAILA,SUFFOLK,F,14
2007,KYRA,SUFFOLK,F,7
2007,KYLIE,SUFFOLK,F,17
2007,KYLE,SUFFOLK,M,54
2007,KYLA,SUFFOLK,F,5
2007,KRYSTAL,SUFFOLK,F,5
2007,KRISTOPHER,SUFFOLK,M,5
2007,KRISTINA,SUFFOLK,F,8
2007,KRISH,SUFFOLK,M,7
2007,KIMORA,SUFFOLK,F,5
2007,KIMBERLY,SUFFOLK,F,42
2007,KIERA,SUFFOLK,F,5
2007,KIARA,SUFFOLK,F,8
2007,KEVIN,SUFFOLK,M,87
2007,KENNY,SUFFOLK,M,6
2007,KENNETH,SUFFOLK,M,13
2007,KELVIN,SUFFOLK,M,7
2007,KELSEY,SUFFOLK,F,9
2007,KELLY,SUFFOLK,F,21
2007,KEITH,SUFFOLK,M,7
2007,KEIRA,SUFFOLK,F,31
2007,KAYLIE,SUFFOLK,F,8
2007,KAYLEIGH,SUFFOLK,F,12
2007,KAYLEE,SUFFOLK,F,24
2007,KAYLA,SUFFOLK,F,72
2007,KATIE,SUFFOLK,F,23
2007,KATHRYN,SUFFOLK,F,12
2007,KATHLEEN,SUFFOLK,F,7
2007,KATHERINE,SUFFOLK,F,55
2007,KATELYNN,SUFFOLK,F,8
2007,KATELYN,SUFFOLK,F,25
2007,KATE,SUFFOLK,F,24
2007,KASEY,SUFFOLK,F,5
2007,KARLA,SUFFOLK,F,11
2007,KARINA,SUFFOLK,F,14
2007,KAREN,SUFFOLK,F,16
2007,KARA,SUFFOLK,F,6
2007,KAITLYN,SUFFOLK,F,46
2007,KAITLIN,SUFFOLK,F,5
2007,KAILYN,SUFFOLK,F,7
2007,KAILEY,SUFFOLK,F,10
2007,KAI,SUFFOLK,M,6
2007,KAELYN,SUFFOLK,F,7
2007,KADEN,SUFFOLK,M,5
2007,JUSTIN,SUFFOLK,M,110
2007,JUNIOR,SUFFOLK,M,6
2007,JULIUS,SUFFOLK,M,9
2007,JULIETTE,SUFFOLK,F,5
2007,JULIANNA,SUFFOLK,F,42
2007,JULIANA,SUFFOLK,F,28
2007,JULIAN,SUFFOLK,M,25
2007,JULIA,SUFFOLK,F,71
2007,JUDE,SUFFOLK,M,5
2007,JUAN,SUFFOLK,M,18
2007,JOY,SUFFOLK,F,5
2007,JOSUE,SUFFOLK,M,15
2007,JOSIAH,SUFFOLK,M,9
2007,JOSHUA,SUFFOLK,M,82
2007,JOSEPHINE,SUFFOLK,F,8
2007,JOSEPH,SUFFOLK,M,189
2007,JOSELYN,SUFFOLK,F,8
2007,JOSELIN,SUFFOLK,F,5
2007,JOSE,SUFFOLK,M,24
2007,JORGE,SUFFOLK,M,10
2007,JORDYN,SUFFOLK,F,12
2007,JORDAN,SUFFOLK,M,47
2007,JORDAN,SUFFOLK,F,15
2007,JONATHAN,SUFFOLK,M,84
2007,JOLIE,SUFFOLK,F,10
2007,JOHN,SUFFOLK,M,123
2007,JOHANNA,SUFFOLK,F,7
2007,JOHAN,SUFFOLK,M,6
2007,JOEL,SUFFOLK,M,18
2007,JOCELYN,SUFFOLK,F,26
2007,JOANNA,SUFFOLK,F,5
2007,JILLIAN,SUFFOLK,F,15
2007,JESUS,SUFFOLK,M,6
2007,JESSICA,SUFFOLK,F,50
2007,JESSE,SUFFOLK,M,12
2007,JERMAINE,SUFFOLK,M,5
2007,JEREMY,SUFFOLK,M,19
2007,JEREMIAH,SUFFOLK,M,14
2007,JENNIFER,SUFFOLK,F,35
2007,JENNA,SUFFOLK,F,26
2007,JEFFREY,SUFFOLK,M,12
2007,JEFFERSON,SUFFOLK,M,5
2007,JAZLYN,SUFFOLK,F,7
2007,JAYSON,SUFFOLK,M,12
2007,JAYLEN,SUFFOLK,M,7
2007,JAYLA,SUFFOLK,F,8
2007,JAYDEN,SUFFOLK,M,71
2007,JAYDEN,SUFFOLK,F,6
2007,JAYDA,SUFFOLK,F,8
2007,JASON,SUFFOLK,M,80
2007,JASMINE,SUFFOLK,F,29
2007,JASMIN,SUFFOLK,F,16
2007,JASIAH,SUFFOLK,M,6
2007,JARED,SUFFOLK,M,16
2007,JANELLE,SUFFOLK,F,5
2007,JAMIE,SUFFOLK,F,13
2007,JAMESON,SUFFOLK,M,6
2007,JAMES,SUFFOLK,M,120
2007,JAKE,SUFFOLK,M,99
2007,JAIDEN,SUFFOLK,M,12
2007,JAIDA,SUFFOLK,F,8
2007,JAELYNN,SUFFOLK,F,5
2007,JAELYN,SUFFOLK,F,6
2007,JADYN,SUFFOLK,F,6
2007,JADEN,SUFFOLK,M,23
2007,JADE,SUFFOLK,F,10
2007,JADA,SUFFOLK,F,10
2007,JACQUELYN,SUFFOLK,F,6
2007,JACQUELINE,SUFFOLK,F,13
2007,JACOB,SUFFOLK,M,69
2007,JACLYN,SUFFOLK,F,6
2007,JACKSON,SUFFOLK,M,24
2007,JACK,SUFFOLK,M,85
2007,IVAN,SUFFOLK,M,7
2007,ISAIAH,SUFFOLK,M,18
2007,ISABELLE,SUFFOLK,F,17
2007,ISABELLA,SUFFOLK,F,150
2007,ISABEL,SUFFOLK,F,11
2007,ISAAC,SUFFOLK,M,12
2007,IAN,SUFFOLK,M,16
2007,HUNTER,SUFFOLK,M,22
2007,HUDSON,SUFFOLK,M,5
2007,HOPE,SUFFOLK,F,5
2007,HOLLY,SUFFOLK,F,6
2007,HENRY,SUFFOLK,M,30
2007,HELEN,SUFFOLK,F,5
2007,HECTOR,SUFFOLK,M,7
2007,HEATHER,SUFFOLK,F,7
2007,HAYLEY,SUFFOLK,F,8
2007,HAYDEN,SUFFOLK,M,7
2007,HAYDEN,SUFFOLK,F,7
2007,HARRISON,SUFFOLK,M,12
2007,HANNAH,SUFFOLK,F,40
2007,HALEY,SUFFOLK,F,13
2007,HAILEY,SUFFOLK,F,49
2007,GUSTAVO,SUFFOLK,M,6
2007,GRIFFIN,SUFFOLK,M,8
2007,GREGORY,SUFFOLK,M,8
2007,GRANT,SUFFOLK,M,5
2007,GRACIE,SUFFOLK,F,5
2007,GRACE,SUFFOLK,F,70
2007,GIULIANA,SUFFOLK,F,9
2007,GISSELLE,SUFFOLK,F,5
2007,GISELLE,SUFFOLK,F,10
2007,GIOVANNI,SUFFOLK,M,27
2007,GIOVANNA,SUFFOLK,F,9
2007,GINO,SUFFOLK,M,5
2007,GIAVANNA,SUFFOLK,F,11
2007,GIANNI,SUFFOLK,M,7
2007,GIANNA,SUFFOLK,F,88
2007,GIANCARLO,SUFFOLK,M,5
2007,GIANA,SUFFOLK,F,7
2007,GEORGIA,SUFFOLK,F,5
2007,GEORGE,SUFFOLK,M,21
2007,GENEVIEVE,SUFFOLK,F,5
2007,GENESIS,SUFFOLK,F,32
2007,GAVIN,SUFFOLK,M,58
2007,GABRIELLE,SUFFOLK,F,29
2007,GABRIELLA,SUFFOLK,F,62
2007,GABRIELA,SUFFOLK,F,33
2007,GABRIEL,SUFFOLK,M,33
2007,FRANKLIN,SUFFOLK,M,6
2007,FRANK,SUFFOLK,M,12
2007,FRANCIS,SUFFOLK,M,6
2007,FRANCESCA,SUFFOLK,F,7
2007,FIONA,SUFFOLK,F,8
2007,FINN,SUFFOLK,M,10
2007,FERNANDO,SUFFOLK,M,6
2007,FATIMA,SUFFOLK,F,6
2007,FAITH,SUFFOLK,F,16
2007,EVER,SUFFOLK,M,6
2007,EVELYN,SUFFOLK,F,8
2007,EVANGELINE,SUFFOLK,F,7
2007,EVAN,SUFFOLK,M,45
2007,EVA,SUFFOLK,F,12
2007,ETHAN,SUFFOLK,M,60
2007,ESMERALDA,SUFFOLK,F,7
2007,ERIN,SUFFOLK,F,24
2007,ERIKA,SUFFOLK,F,17
2007,ERIK,SUFFOLK,M,11
2007,ERICK,SUFFOLK,M,13
2007,ERICA,SUFFOLK,F,9
2007,ERIC,SUFFOLK,M,22
2007,EMMANUEL,SUFFOLK,M,7
2007,EMMA,SUFFOLK,F,116
2007,EMILY,SUFFOLK,F,112
2007,EMILIE,SUFFOLK,F,5
2007,EMILIA,SUFFOLK,F,7
2007,EMELY,SUFFOLK,F,15
2007,EMANUEL,SUFFOLK,M,6
2007,ELLIE,SUFFOLK,F,5
2007,ELLA,SUFFOLK,F,48
2007,ELIZABETH,SUFFOLK,F,54
2007,ELIJAH,SUFFOLK,M,24
2007,ELIAS,SUFFOLK,M,5
2007,ELIANNA,SUFFOLK,F,5
2007,ELI,SUFFOLK,M,5
2007,ELENA,SUFFOLK,F,12
2007,EDWIN,SUFFOLK,M,18
2007,EDWARD,SUFFOLK,M,24
2007,EDUARDO,SUFFOLK,M,6
2007,EDGAR,SUFFOLK,M,12
2007,EDDIE,SUFFOLK,M,5
2007,DYLAN,SUFFOLK,M,102
2007,DREW,SUFFOLK,M,6
2007,DONOVAN,SUFFOLK,M,9
2007,DOMINICK,SUFFOLK,M,20
2007,DOMINIC,SUFFOLK,M,29
2007,DILLON,SUFFOLK,M,9
2007,DIEGO,SUFFOLK,M,21
2007,DIANA,SUFFOLK,F,25
2007,DEVON,SUFFOLK,M,11
2007,DEVIN,SUFFOLK,M,15
2007,DESTINY,SUFFOLK,F,23
2007,DEREK,SUFFOLK,M,31
2007,DENNIS,SUFFOLK,M,12
2007,DELANEY,SUFFOLK,F,11
2007,DECLAN,SUFFOLK,M,10
2007,DEAN,SUFFOLK,M,10
2007,DAYANA,SUFFOLK,F,5
2007,DAVID,SUFFOLK,M,67
2007,DANTE,SUFFOLK,M,6
2007,DANNY,SUFFOLK,M,9
2007,DANIELLE,SUFFOLK,F,15
2007,DANIELLA,SUFFOLK,F,11
2007,DANIELA,SUFFOLK,F,13
2007,DANIEL,SUFFOLK,M,121
2007,DANA,SUFFOLK,F,9
2007,DAMIEN,SUFFOLK,M,6
2007,DAMIAN,SUFFOLK,M,9
2007,DAKOTA,SUFFOLK,F,7
2007,DAISY,SUFFOLK,F,7
2007,CYNTHIA,SUFFOLK,F,8
2007,CRYSTAL,SUFFOLK,F,9
2007,CRISTIAN,SUFFOLK,M,26
2007,CRAIG,SUFFOLK,M,5
2007,COURTNEY,SUFFOLK,F,15
2007,CORY,SUFFOLK,M,7
2007,COOPER,SUFFOLK,M,16
2007,CONNOR,SUFFOLK,M,46
2007,COLLIN,SUFFOLK,M,8
2007,COLLEEN,SUFFOLK,F,6
2007,COLIN,SUFFOLK,M,23
2007,COLE,SUFFOLK,M,29
2007,COLBY,SUFFOLK,M,5
2007,CODY,SUFFOLK,M,15
2007,CLAIRE,SUFFOLK,F,10
2007,CINDY,SUFFOLK,F,8
2007,CIARA,SUFFOLK,F,5
2007,CHRISTOPHER,SUFFOLK,M,178
2007,CHRISTINA,SUFFOLK,F,10
2007,CHRISTIAN,SUFFOLK,M,93
2007,CHRIS,SUFFOLK,M,9
2007,CHLOE,SUFFOLK,F,34
2007,CHELSEA,SUFFOLK,F,9
2007,CHASE,SUFFOLK,M,27
2007,CHARLOTTE,SUFFOLK,F,32
2007,CHARLES,SUFFOLK,M,42
2007,CESAR,SUFFOLK,M,7
2007,CATHERINE,SUFFOLK,F,17
2007,CASSIDY,SUFFOLK,F,13
2007,CASSANDRA,SUFFOLK,F,11
2007,CASEY,SUFFOLK,F,6
2007,CARTER,SUFFOLK,M,13
2007,CAROLINE,SUFFOLK,F,13
2007,CARMINE,SUFFOLK,M,7
2007,CARLY,SUFFOLK,F,6
2007,CARLOS,SUFFOLK,M,29
2007,CAMRYN,SUFFOLK,F,14
2007,CAMILO,SUFFOLK,M,6
2007,CAMILA,SUFFOLK,F,8
2007,CAMERON,SUFFOLK,F,9
2007,CAMERON,SUFFOLK,M,13
2007,CALLIE,SUFFOLK,F,5
2007,CALEB,SUFFOLK,M,17
2007,CAITLYN,SUFFOLK,F,8
2007,CAITLIN,SUFFOLK,F,10
2007,CAIDEN,SUFFOLK,M,5
2007,CADENCE,SUFFOLK,F,7
2007,CADEN,SUFFOLK,M,6
2007,BRYCE,SUFFOLK,M,6
2007,BRYANNA,SUFFOLK,F,5
2007,BRYAN,SUFFOLK,M,48
2007,BROOKLYN,SUFFOLK,F,5
2007,BROOKE,SUFFOLK,F,36
2007,BRODY,SUFFOLK,M,18
2007,BRITTANY,SUFFOLK,F,5
2007,BRIELLE,SUFFOLK,F,7
2007,BRIDGET,SUFFOLK,F,7
2007,BRIANNA,SUFFOLK,F,73
2007,BRIANA,SUFFOLK,F,15
2007,BRIAN,SUFFOLK,M,72
2007,BRETT,SUFFOLK,M,5
2007,BRENNAN,SUFFOLK,M,5
2007,BRENNA,SUFFOLK,F,6
2007,BRENDAN,SUFFOLK,M,38
2007,BREANNA,SUFFOLK,F,7
2007,BRAYDEN,SUFFOLK,M,20
2007,BRAYAN,SUFFOLK,M,7
2007,BRANDON,SUFFOLK,M,79
2007,BRADY,SUFFOLK,M,29
2007,BRADLEY,SUFFOLK,M,7
2007,BRADEN,SUFFOLK,M,6
2007,BLAKE,SUFFOLK,M,15
2007,BIANCA,SUFFOLK,F,10
2007,BENJAMIN,SUFFOLK,M,53
2007,BELLA,SUFFOLK,F,12
2007,BAILEY,SUFFOLK,F,5
2007,AYDEN,SUFFOLK,M,13
2007,AVERY,SUFFOLK,F,18
2007,AVERY,SUFFOLK,M,6
2007,AVA,SUFFOLK,F,154
2007,AUTUMN,SUFFOLK,F,8
2007,AUSTIN,SUFFOLK,M,23
2007,AUDREY,SUFFOLK,F,9
2007,AUBREY,SUFFOLK,F,12
2007,ATHENA,SUFFOLK,F,5
2007,ASHLYN,SUFFOLK,F,7
2007,ASHLEY,SUFFOLK,F,87
2007,ASHLEIGH,SUFFOLK,F,7
2007,ASHLEE,SUFFOLK,F,5
2007,ARTHUR,SUFFOLK,M,5
2007,ARIEL,SUFFOLK,M,11
2007,ARIEL,SUFFOLK,F,6
2007,ARIANNA,SUFFOLK,F,33
2007,ARIANA,SUFFOLK,F,24
2007,ANYA,SUFFOLK,F,9
2007,ANTONY,SUFFOLK,M,7
2007,ANTONIO,SUFFOLK,M,16
2007,ANTHONY,SUFFOLK,M,206
2007,ANNABELLE,SUFFOLK,F,5
2007,ANNABELLA,SUFFOLK,F,8
2007,ANNA,SUFFOLK,F,32
2007,ANGIE,SUFFOLK,F,7
2007,ANGELO,SUFFOLK,M,18
2007,ANGELINA,SUFFOLK,F,76
2007,ANGELICA,SUFFOLK,F,9
2007,ANGELA,SUFFOLK,F,17
2007,ANGEL,SUFFOLK,M,38
2007,ANDY,SUFFOLK,M,9
2007,ANDREW,SUFFOLK,M,120
2007,ANDREA,SUFFOLK,F,18
2007,ANDERSON,SUFFOLK,M,8
2007,ANA,SUFFOLK,F,9
2007,AMY,SUFFOLK,F,20
2007,AMELIA,SUFFOLK,F,20
2007,AMBER,SUFFOLK,F,14
2007,AMAYA,SUFFOLK,F,11
2007,AMANDA,SUFFOLK,F,28
2007,ALYSSA,SUFFOLK,F,50
2007,ALLYSON,SUFFOLK,F,11
2007,ALLISON,SUFFOLK,F,17
2007,ALLAN,SUFFOLK,M,5
2007,ALIVIA,SUFFOLK,F,5
2007,ALISON,SUFFOLK,F,7
2007,ALINA,SUFFOLK,F,7
2007,ALICIA,SUFFOLK,F,5
2007,ALEXIS,SUFFOLK,M,7
2007,ALEXIS,SUFFOLK,F,22
2007,ALEXANDRIA,SUFFOLK,F,14
2007,ALEXANDRA,SUFFOLK,F,63
2007,ALEXANDER,SUFFOLK,M,111
2007,ALEXA,SUFFOLK,F,71
2007,ALEX,SUFFOLK,M,43
2007,ALESSIA,SUFFOLK,F,6
2007,ALEJANDRO,SUFFOLK,M,11
2007,ALANA,SUFFOLK,F,11
2007,ALAN,SUFFOLK,M,8
2007,AIDEN,SUFFOLK,M,48
2007,AIDAN,SUFFOLK,M,82
2007,ADRIANNA,SUFFOLK,F,17
2007,ADRIANA,SUFFOLK,F,30
2007,ADRIAN,SUFFOLK,M,22
2007,ADDISON,SUFFOLK,F,33
2007,ADAM,SUFFOLK,M,25
2007,ZACHARY,SUFFOLK,M,38
2007,ABIGAIL,SUFFOLK,F,60
